timestamp,price,market_cap,volume,hour,day,day_of_week,price_change,price_change_1h,price_change_6h,price_change_24h,volume_change,volume_change_1h,volume_change_6h,volume_change_24h,market_cap_change_1h,market_cap_change_6h,market_cap_change_24h,volume_to_market_cap,ema_6h,ema_24h,price_ma_6h,price_ma_24h,std_6h,std_12h,volatility_6h,volatility_24h,momentum_6h,momentum_24h,rsi,price_distance_from_ma6h,price_distance_from_ma24h,bollinger_percent,whale_spike,rolling_high_24h,rolling_low_24h,forecast_price,lifestage_x,lifestage_y
2025-03-05 10:09:14.291,0.0238922060277931,22924612.785622384,82119143.58484583,10.0,5.0,2.0,0.0985365802668991,0.0985365802668991,0.1024627595381499,2.4851368060720085,0.0305353291066026,0.0305353291066026,0.1741965420856028,3.239642758261417,0.0582528236357673,-0.0261218610069735,inf,3.582138741132781,0.0211262517582013,0.012886875079402,0.0199344339299636,0.0146007020394203,0.0024842872840359,0.0033904450849881,0.1388215204339213,0.1965713933212083,0.1024627595381499,2.4851368060720085,69.38351612650565,19.85394775559943,63.63737828007674,0.6975503371712426,False,0.0278483763410244,0.0049412249736931,,post-pump,post-pump
2025-03-05 11:04:31.473,0.0199081263333268,20095816.137043428,81308289.43544066,11.0,5.0,2.0,-0.1667522743538935,-0.1667522743538935,0.007571436524087,1.873715359199096,-0.009874118433388,-0.009874118433388,0.147566991028702,3.1677515827581084,-0.1233956130483954,0.0195719696826119,inf,4.046030720074206,0.0207782159225229,0.0131734567632357,0.0199593673340847,0.0151415547541852,0.0024829190465227,0.0033456717010117,0.1543426638160099,0.2021602178313563,0.007571436524087,1.873715359199096,61.06933258758578,-0.2567265780534788,31.480066984693188,0.4725578011820631,False,0.0278483763410244,0.0049412249736931,,post-pump,post-pump
2025-03-05 12:01:10.905,0.0165895250275478,16588638.71041886,79142737.61005357,12.0,5.0,2.0,-0.1666958130672277,-0.1666958130672277,-0.0594900951750633,1.6221081429049966,-0.0266338382030106,-0.0266338382030106,0.123484816700284,2.9702388190323945,-0.1745227664657842,-0.0627191261193895,inf,4.770900071525835,0.0195814470953871,0.0133128881209627,0.019784477731162,0.0155691687541857,0.0027059937870554,0.0035902143409985,0.1649816345049952,0.2053644124383717,-0.0594900951750633,1.6221081429049966,53.15213618412757,-16.148784653445613,6.553697820815052,0.196620401725403,False,0.0278483763410244,0.0049412249736931,,post-pump,post-pump
2025-03-05 13:04:50.929,0.0162980775620036,16035767.021491809,79829879.08230321,13.0,5.0,2.0,-0.0175681621420888,-0.0175681621420888,-0.1441463779438196,1.7674174452236269,0.0086823060839174,0.0086823060839174,0.0754441952019073,3.0427722632353085,-0.0333283338421137,-0.1642610175565187,inf,4.978238894049275,0.0186433415144204,0.013434732587944,0.0193269795508918,0.0160028689333968,0.0030646853054431,0.0037735318879047,0.1604286966512575,0.2042270651004371,-0.1441463779438196,1.7674174452236269,46.04585457278864,-15.671884894960108,1.8447231545505087,0.2381697996204381,False,0.0278483763410244,0.0049412249736931,,post-pump,post-pump
2025-03-05 14:03:47.908,0.0142506909168459,14423639.279217515,77486911.0004715,14.0,5.0,2.0,-0.1256213585540211,-0.1256213585540211,-0.1868281345674146,1.7815167652949762,-0.0293495130991762,-0.0293495130991762,0.0379053856810325,2.9233143033892617,-0.1005332479646063,-0.1765825845318325,inf,5.372216366511571,0.0173882984865419,0.0134680370095318,0.0187812912994349,0.0163831747001126,0.0036795585301379,0.003722826468227,0.1651457196281211,0.2040481824482376,-0.1868281345674146,1.7815167652949762,35.21103563619046,-24.12294399973104,-13.016303752483694,0.1496954207295612,False,0.0278483763410244,0.0049412249736931,,post-pump,post-pump
2025-03-05 15:04:48.144,0.0155804121901523,16207358.706019623,75414542.73579802,15.0,5.0,2.0,0.0933092494297607,0.0933092494297607,-0.2836302890319763,2.153147705903261,-0.0267447526029379,-0.0267447526029379,-0.0536025191572817,2.6749973043337616,0.1236663918358109,-0.2518310658193586,2.2801681892722576,4.653105055778649,0.0168717595447163,0.0135542564046592,0.0177531730096115,0.016826474167465,0.0035437607143329,0.0028607510086993,0.1237590632205958,0.2030695709087852,-0.2836302890319763,2.153147705903261,38.2405457998773,-12.238718218331725,-7.405365883020876,0.300770183706596,False,0.0278483763410244,0.0057794099582556,,post-pump,post-pump
2025-03-05 16:08:16.953,0.0135749950540305,13512550.038958304,72919703.8510093,16.0,5.0,2.0,-0.1287139975275709,-0.1287139975275709,-0.4318232883878907,0.8109450063054455,-0.0330816682603111,-0.0330816682603111,-0.1120255196564687,2.42007648714184,-0.1662706870343058,-0.4105658330930256,0.990300195496174,5.3964428357913965,0.0159298268330918,0.0135551028801437,0.0160336378473178,0.0170797621472067,0.0022279963009951,0.0030350510609679,0.1032077463868997,0.1826135467659012,-0.4318232883878907,0.8109450063054455,30.951001520145027,-15.334279199143886,-20.519999417845504,0.219787463834977,False,0.0278483763410244,0.0057794099582556,,post-pump,post-pump
2025-03-05 17:05:31.869,0.0119743799095821,11696342.012477765,73005942.66776384,17.0,5.0,2.0,-0.1179090775412966,-0.1179090775412966,-0.3985179866205375,1.0719035327260862,0.0011826545117457,0.0011826545117457,-0.1021094752493709,2.3651808788979043,-0.1344089769321255,-0.4179712865247893,0.8381394192462981,6.241775641468113,0.0147996991406604,0.0134905835752228,0.0147113467766937,0.0173378858951786,0.0017773592495823,0.0034277560083517,0.0972567834997742,0.1768079935684843,-0.3985179866205375,1.0719035327260862,26.70837471634877,-18.6044616353386,-30.93517870646528,0.201949997539935,False,0.0278483763410244,0.0058110708014979,,post-pump,post-pump
2025-03-05 18:05:33.464,0.0166365496293591,16575735.71218147,75201625.21091837,18.0,5.0,2.0,0.3893453986745698,0.3893453986745698,0.0028345960317255,1.8629060284501704,0.0300753947270655,0.0300753947270655,-0.0497975242978524,2.31864583193179,0.4171726249538807,-0.000777821403108,1.839557743101281,4.536849918260513,0.0153245135660029,0.0136189903529427,0.0147191842103289,0.0177889475130062,0.0017873731250141,0.0034318974432998,0.2026914193990215,0.1899652820055644,0.0028345960317255,1.8629060284501704,42.26843345893744,13.02630221642791,-6.478167878141949,0.6080121087867011,False,0.0278483763410244,0.0063489354526666,,pre-pump,pre-pump
2025-03-05 19:04:48.941,0.0196097295328658,19129072.04923944,78533192.79229856,19.0,5.0,2.0,0.1787137339018798,0.1787137339018798,0.2031927973261578,2.088664183005604,0.0443018029468926,0.0443018029468926,-0.0162431198056531,2.426786303527699,0.1540406037713024,0.1929003473049872,2.180507924429097,4.105436614496989,0.0165488609851066,0.0138635103194701,0.0152711262054726,0.0183414805996811,0.0026672158885219,0.0034625466477404,0.2119214543392692,0.1913993983882025,0.2031927973261578,2.088664183005604,49.77872247887419,28.41050010992894,6.91464860915687,0.9359384077812954,False,0.0278483763410244,0.008370879755097,,pre-pump,pre-pump
2025-03-05 20:04:59.992,0.015662171135914,15518955.936278213,77903392.30514872,20.0,5.0,2.0,-0.2013061113533316,-0.2013061113533316,0.099046441137782,0.8710304763818115,-0.0080195451726444,-0.0080195451726444,0.0053748600802356,2.282314716094409,-0.1887240585256075,0.0759389940262094,0.8679639798882413,5.019886171790476,0.0162955210281944,0.0139369250466719,0.0155063729086506,0.0186452844072152,0.0026210602767251,0.0034931206568128,0.226113393385914,0.1908101851282122,0.099046441137782,0.8710304763818115,47.21200167566181,1.0047367503747573,-15.999290791975396,0.5233982773941757,False,0.0278483763410244,0.0106717269037159,,pre-pump,pre-pump
2025-03-05 21:09:48.292,0.0203136370355494,20838661.010378413,78913729.16638818,21.0,5.0,2.0,0.2969872988406694,0.2969872988406694,0.3037933006925686,0.903500456751398,0.0129690996931424,0.0129690996931424,0.0463993588457993,2.1668173331018257,0.3427875622524632,0.2857530575070608,0.8442843055687816,3.786890584144839,0.017443554173153,0.0141971990054016,0.0162952437162168,0.0190470306627082,0.0032778098948997,0.0033424006344294,0.2504899553578534,0.1920297595117349,0.3037933006925686,0.903500456751398,51.64167943538985,24.659915428779566,6.649888873865173,0.8807364500330114,False,0.0278483763410244,0.0119743799095821,,pre-pump,pre-pump
2025-03-05 22:05:44.660,0.0167441949754162,18508345.48525485,76449779.6961005,22.0,5.0,2.0,-0.1757165422364582,-0.1757165422364582,0.2334586428040534,0.1996767664484668,-0.0312233307982757,-0.0312233307982757,0.0484104523011217,1.8613695520659896,-0.1118265479707636,0.3697152226554625,0.3075506533486369,4.130557199562013,0.0172437372595139,0.0143011580245859,0.0168234437031144,0.0191631531468007,0.0029949297697132,0.0025502092442379,0.2585351360451013,0.1884421362007271,0.2334586428040534,0.1996767664484668,49.042141403789344,-0.47106127078822,-12.62296529623269,0.5432323741084916,False,0.0278483763410244,0.0119743799095821,,post-pump,post-pump
2025-03-05 23:04:48.834,0.0149312420114712,14968293.837030545,72936228.23114009,23.0,5.0,2.0,-0.1082735220538685,-0.1082735220538685,0.2469323776442877,-0.2226508887807996,-0.0459589482000774,-0.0459589482000774,-0.0009549145463542,1.4757407953475845,-0.1912678608168719,0.2797414628490029,-0.2200658445225446,4.8727148882326725,0.0165830243315017,0.0143268757383363,0.0173162540534292,0.018984959170178,0.0021660035525094,0.0023278845687363,0.2572230395183294,0.1744523083217173,0.2469323776442877,-0.2226508887807996,41.10799192275797,-13.773256240057052,-21.352256396076463,0.3892287765028955,False,0.0278483763410244,0.0119743799095821,,post-pump,post-pump
2025-03-06 00:04:48.363,0.0165487462665993,16464544.245323123,65357985.84129135,0.0,6.0,3.0,0.1083301880637541,0.1083301880637541,-0.0052777387568904,-0.3175336277193209,-0.1039023071748754,-0.1039023071748754,-0.1308966307844878,0.8543237775603312,0.0999613198794211,-0.0067080863733023,-0.3620548124955298,3.96962010411292,0.0165732305986724,0.0144175643313266,0.0173016201596359,0.018664138513313,0.0021718030362386,0.0023269973215207,0.2065789558860722,0.167187617213143,-0.0052777387568904,-0.3175336277193209,40.28939392682547,-4.351464695734741,-11.333993504199992,0.4996335498974362,False,0.0278483763410244,0.0119743799095821,,post-pump,post-pump
2025-03-06 01:04:42.539,0.0140554847485733,14439145.206323097,57658032.89566971,1.0,6.0,3.0,-0.1506616560469118,-0.1506616560469118,-0.2832392346352159,-0.4073953114066712,-0.1178119681398905,-0.1178119681398905,-0.265813207822056,0.3255733817424147,-0.123015797389919,-0.2451727313716094,-0.3348561915982168,3.993174947116709,0.0158538746415012,0.0144027855728469,0.0163759126955872,0.0182615276120709,0.0021749511495786,0.0023909664280637,0.1984407221695743,0.1698630455442092,-0.2832392346352159,-0.4073953114066712,41.94310989627383,-14.169762566206243,-23.03226188326907,0.1808363513440741,False,0.0278483763410244,0.0119743799095821,,post-pump,post-pump
2025-03-06 02:04:56.795,0.0131439656752401,13090423.691078415,55405978.17030459,2.0,6.0,3.0,-0.0648514860667273,-0.0648514860667273,-0.1607826551517849,-0.5034776653909512,-0.0390588199469125,-0.0390588199469125,-0.2887860652681392,-0.1925169901647977,-0.0934072963442502,-0.1564881204103871,-0.4917107171325091,4.232558049902213,0.0150796149368552,0.0143514051688629,0.0159562117854749,0.0177061906303217,0.0025507341656824,0.0024769496239663,0.1832825700025391,0.168101705870158,-0.1607826551517849,-0.5034776653909512,44.92009821935798,-17.624773022847616,-25.76627039849485,0.1797155282115711,False,0.0278483763410244,0.0119743799095821,,post-pump,post-pump
2025-03-06 03:04:58.795,0.0140210264914792,14047359.543470526,52072876.30597085,3.0,6.0,3.0,0.0667272600910133,0.0667272600910133,-0.3097727173650866,-0.4965226582770521,-0.0601578019990657,-0.0601578019990657,-0.3401290642826405,-0.2982031119328467,0.0731019770616208,-0.3258991287168389,-0.4976595240888248,3.7069511992504873,0.0147771610953192,0.0143379203248881,0.0149074433614632,0.0171300510532573,0.0014621573095112,0.0025260043546759,0.1167457840942274,0.1683873950470041,-0.3097727173650866,-0.4965226582770521,46.69985470215499,-5.946136091152077,-18.149534710154768,0.3167251726623349,False,0.0238922060277931,0.0119743799095821,,post-pump,post-pump
2025-03-06 04:04:36.608,0.0142653890863208,14482856.93093867,49191976.61544142,4.0,6.0,3.0,0.0174282956379907,0.0174282956379907,-0.1480397172115338,-0.3417493470592121,-0.0553243818067928,-0.0553243818067928,-0.3565452142440828,-0.2966189573016161,0.0310020816453417,-0.2174958619355355,-0.3847425957811273,3.396565805352685,0.0146309405213196,0.0143349598661711,0.0144943090466139,0.0168214561317524,0.0011579306902418,0.0024831549541391,0.1022215103109857,0.1626173598271303,-0.1480397172115338,-0.3417493470592121,50.022476856101335,-1.5793782204930995,-15.195278134137212,0.3663119257253967,False,0.0238922060277931,0.0119743799095821,,pump,pump
2025-03-06 05:04:30.446,0.0132595447245749,13258803.106005494,45965114.426970266,5.0,6.0,3.0,-0.0705094235887622,-0.0705094235887622,-0.11195969401688,-0.3289203462894258,-0.0655973272571901,-0.0655973272571901,-0.3697903560175397,-0.3512586672096877,-0.0845174284859722,-0.1142074540784259,-0.3273075397268826,3.46676197387309,0.0142391131508211,0.0142910653705957,0.0142156928321312,0.0165506652490847,0.0012306086268497,0.0023329708834027,0.0968604579050517,0.1622636288464931,-0.11195969401688,-0.3289203462894258,46.41535571251098,-6.7260042746226105,-19.885125310548112,0.2517451795047878,False,0.0238922060277931,0.0119743799095821,,pump,pump
2025-03-06 07:04:51.063,0.0184048965733194,18066269.312324908,46169594.53988642,7.0,6.0,3.0,0.3880489078337839,0.3880489078337839,0.1121625938797796,0.0434287597590203,0.0044485935793989,0.0044485935793989,-0.2935890856245181,-0.3445913039507805,0.362586740890805,0.0972832920933579,0.0207690326140561,2.555568819534273,0.0154293369858206,0.0144589768482579,0.0145250512165846,0.0165825833294278,0.0019546898454382,0.0024460675190808,0.1904926103973357,0.1792536602986359,0.1121625938797796,0.0434287597590203,56.8003242196156,26.71140568719508,10.989320588292028,0.9972703766993848,False,0.0238922060277931,0.0119743799095821,,pre-pump,pre-pump
2025-03-06 08:02:23.307,0.0176575478688158,17715210.591434695,45576281.3451175,8.0,6.0,3.0,-0.0406059714340906,-0.0406059714340906,0.2562745564935513,-0.0727571247182992,-0.0128507343562731,-0.0128507343562731,-0.2095415147515306,-0.3860100030846565,-0.0194317218912882,0.2268877650511447,-0.0767331519836289,2.572720268262215,0.0160659686666764,0.0145895307674643,0.0151253950699583,0.0165248533804775,0.0023036331354603,0.0022335677457875,0.1740909239622511,0.1790781850628161,0.2562745564935513,-0.0727571247182992,58.19868480439083,16.741068825942442,6.8544903985438665,0.8020225806736567,False,0.0238922060277931,0.0119743799095821,,pre-pump,pre-pump
2025-03-06 09:04:45.406,0.0156365560946309,15713626.659576626,44835771.59372574,9.0,6.0,3.0,-0.1144548376252221,-0.1144548376252221,0.1896376239087573,-0.107747998843938,-0.0162477001092826,-0.0162477001092826,-0.1907773660107323,-0.3994432323155915,-0.1129867421856014,0.2003909904219538,-0.1029397226881968,2.853305132230611,0.0159432793603776,0.0146322664951038,0.0155408268065235,0.016446175700021,0.0020896578712493,0.0022336722323337,0.1816152456207082,0.1799810288312161,0.1896376239087573,-0.107747998843938,48.43838090817422,0.6159858114319627,-4.922844192823927,0.5727548447975973,False,0.0238922060277931,0.0119743799095821,,pre-pump,pre-pump
2025-03-06 10:04:46.864,0.0170962508794586,17628091.764253784,43377393.45387268,10.0,6.0,3.0,0.0933514244437054,0.0933514244437054,0.2193294756163724,-0.2139337424657146,-0.0325271114561825,-0.0325271114561825,-0.1669867975220933,-0.4556453649253288,0.1218347072991195,0.2549042907104666,-0.1862467619722757,2.46069705297503,0.0162726997944008,0.0147328372863019,0.01605336420452,0.0162523060729529,0.0020182533853487,0.0017836545059308,0.1826885312738023,0.1741515360588714,0.2193294756163724,-0.2139337424657146,45.88013200162187,6.496374601934818,5.19276958431254,0.70084133616342,False,0.0238922060277931,0.0119743799095821,,post-pump,post-pump
2025-03-06 11:02:46.551,0.0196329129314423,19817159.40006289,45135545.19405066,11.0,6.0,3.0,0.1483753408784809,0.1483753408784809,0.3762620011723665,-0.1782712358748325,0.0405315211493191,0.0405315211493191,-0.0824612406430003,-0.4503651253082488,0.1241806353792696,0.3683183845950268,-0.1355509650094677,2.277599139355332,0.0172327606906983,0.0149328403738587,0.0169479515120403,0.0160748355272716,0.0022441626054193,0.0021308647510355,0.1864412395339854,0.1756264224165372,0.3762620011723665,-0.1782712358748325,56.82411343654844,15.842394979089391,22.134456045501903,0.8681536250715259,False,0.0203136370355494,0.0119743799095821,,pre-pump,pre-pump
2025-03-06 12:06:14.352,0.0199769525506092,19687109.714022867,43058311.66451271,12.0,6.0,3.0,0.0175236155922597,0.0175236155922597,0.5066092362571415,0.0034571921098964,-0.0460221211598825,-0.0460221211598825,-0.063239323967656,-0.4704314656785234,-0.0065624786789376,0.48483309968648,-0.0203378862661455,2.1871322042688086,0.0180168155078157,0.015138722503522,0.018067519483046,0.016077703286325,0.00162672904993,0.0024367066190008,0.1766263835473462,0.1717557996660496,0.5066092362571415,0.0034571921098964,49.32081822373159,10.56831885171019,24.252526588176604,0.8064188200213295,False,0.0203136370355494,0.0119743799095821,,pre-pump,pre-pump
2025-03-06 13:05:20.874,0.0216881203090889,21681896.53770812,42585027.40733175,13.0,6.0,3.0,0.0856570968041627,0.0856570968041627,0.1783886001581238,0.3073382313884578,-0.0109917049434853,-0.0109917049434853,-0.0776391295673589,-0.4619212236863267,0.1013245139922387,0.2001313698405131,0.3070328986121282,1.964082216390522,0.0190657597367509,0.0154060448629329,0.0186147234390076,0.0162901447563892,0.0022104104158916,0.0029187464565411,0.0970729011975713,0.1679502911996095,0.1783886001581238,0.3073382313884578,60.78152613998383,16.510569604493284,33.136449266863835,0.855124600250179,False,0.0216881203090889,0.0119743799095821,,pre-pump,pre-pump
2025-03-06 14:04:42.131,0.0193136105439252,19320816.78253239,40487202.6147009,14.0,6.0,3.0,-0.1094843504795852,-0.1094843504795852,0.0937878060653085,0.1850238453246679,-0.0492620275329369,-0.0492620275329369,-0.1116606835884777,-0.4928314676142838,-0.1088963666563693,0.0906343270835292,0.2048576632871892,2.095522309973182,0.0191365742530864,0.0155655373397081,0.0188907338848591,0.0164157919639693,0.0021700109930295,0.0029015935408025,0.1104733366653586,0.1699669718032658,0.0937878060653085,0.1850238453246679,59.32842826603722,2.2385401310689668,17.652627337847626,0.5844817298258823,False,0.0216881203090889,0.0119743799095821,,post-pump,post-pump
2025-03-06 15:09:31.747,0.0181477360480883,18177050.24513867,39360981.69774892,15.0,6.0,3.0,-0.0603654346858313,-0.0603654346858313,0.1605967412683449,0.2734635923255943,-0.0278167135346378,-0.0278167135346378,-0.1221076319503544,-0.492030574073221,-0.0591986638177625,0.1567698939862949,0.2602263474052146,2.165421846059745,0.0188540490516584,0.0156709332053562,0.019309263877102,0.0165781688444377,0.0015783603592294,0.0026439091422471,0.0988910730523457,0.1680503001265537,0.1605967412683449,0.2734635923255943,53.470377974745126,-6.015391557164351,9.46767534085724,0.4345577995232012,False,0.0216881203090889,0.0119743799095821,,post-pump,post-pump
2025-03-06 16:06:21.646,0.0217591737889458,21827136.65646399,39187084.29773524,16.0,6.0,3.0,0.1990021086535438,0.1990021086535438,0.2727453488115205,0.3965724092138478,-0.0044180148083966,-0.0044180148083966,-0.096601220647188,-0.4803776184784346,0.2008074116591889,0.2382018966298453,0.3467423688449069,1.7953378363135042,0.0196840846908833,0.0159194328210129,0.0200864176953499,0.0168356172443875,0.0014097468441562,0.0026815908751757,0.1197991983331235,0.1713382159676459,0.2727453488115205,0.3965724092138478,65.9457939428465,8.327797016702965,29.24488287591387,0.8054798346229649,False,0.0217591737889458,0.0119743799095821,,pump,pump
2025-03-06 17:04:52.764,0.0208853839688083,20884208.715742845,37690179.54936092,17.0,6.0,3.0,-0.0401573069185837,-0.0401573069185837,0.0637944578952498,0.5385187166316721,-0.0381989314898026,-0.0381989314898026,-0.1649557042610203,-0.4831276382256009,-0.0431998001186245,0.0538447157909307,0.5455416376280691,1.8047214554482724,0.0200273130560047,0.0161221247045964,0.0202951628682442,0.0171402167825032,0.0014218413466375,0.0025027433068926,0.1123151029501654,0.1687746864283238,0.0637944578952498,0.5385187166316721,66.04895637392151,2.9081860756462907,21.850173972875982,0.6631614803692553,False,0.0217591737889458,0.0119743799095821,,pre-pump,pre-pump
2025-03-06 18:09:44.664,0.0203668569695233,19440054.529159743,36702800.39515981,18.0,6.0,3.0,-0.0248272667650929,-0.0248272667650929,0.0195177126203971,0.7008694498848664,-0.0261972526001896,-0.0261972526001896,-0.1476024261905956,-0.4972628384214245,-0.069150534082456,-0.0125490835603536,0.6620627635906093,1.8879988397206524,0.0201243256027243,0.0162953790827567,0.0203601469380633,0.0174899033266674,0.0014132734156536,0.0018826086275285,0.1134769017056807,0.1662636251514647,0.0195177126203971,0.7008694498848664,63.35424388136064,0.0329566946663639,16.449225528132217,0.5296911243408716,False,0.0217591737889458,0.0131439656752401,,pre-pump,pre-pump
2025-03-06 19:09:35.002,0.0169632888765544,16950992.496573742,34828065.97112352,19.0,6.0,3.0,-0.1671130748383001,-0.1671130748383001,-0.2178534315191184,0.0196398444674303,-0.0510787842849049,-0.0510787842849049,-0.1821523175742453,-0.5368708339289069,-0.128037811254719,-0.2181960435475104,0.0226389217895466,2.054632846906352,0.01922117225239,0.0163226407069933,0.0195726750326408,0.0175035174619672,0.0017911542726339,0.0019822795175463,0.1253187637323398,0.1528918530636758,-0.2178534315191184,0.0196398444674303,55.01117993130617,-13.331780922816506,-3.08640012835546,0.0662456112007426,False,0.0217591737889458,0.0131439656752401,,post-pump,post-pump
2025-03-06 20:09:33.885,0.0193101468955955,20268937.166839626,34491256.24456864,20.0,6.0,3.0,0.1383492338142506,0.1383492338142506,-0.0001793371737418,-0.015277244735487,-0.0096706411097915,-0.0096706411097915,-0.1480948542479725,-0.5608066472505489,0.1957374868130306,0.0490724794390895,0.0595881031064182,1.7016805548638734,0.0192465935790202,0.0164445797350996,0.0195720977579192,0.017491034852081,0.0017912550212532,0.0019301549981967,0.1357985947912182,0.1511829402774631,-0.0001793371737418,-0.015277244735487,60.70530855323056,-1.338389300747156,10.400253952372962,0.4271987344517707,False,0.0217591737889458,0.0131439656752401,,post-pump,post-pump
2025-03-06 21:09:34.523,0.0202216563559396,19398464.910073034,33790655.9442713,21.0,6.0,3.0,0.0472036523218788,0.0472036523218788,0.1142798364686248,0.291114506440969,-0.0203124031009354,-0.0203124031009354,-0.1415189742027239,-0.5662492358238674,-0.0429461224138925,0.0671954276663246,0.2499851787532823,1.7419242244640112,0.0195251829438543,0.0165987461277869,0.0199177511425611,0.0176810134029154,0.0016564561735082,0.0015749779983565,0.1321002975435434,0.1444678517183292,0.1142798364686248,0.291114506440969,53.78082361609096,1.5258008356628716,14.369328811239178,0.597773385005987,False,0.0217591737889458,0.0131439656752401,,post-pump,post-pump
2025-03-06 22:04:59.775,0.0193177820867289,19294180.53178056,32704502.14750901,22.0,6.0,3.0,-0.0446983300131696,-0.0446983300131696,-0.1122005700169179,-0.0490239609518338,-0.0321436138604002,-0.0321436138604002,-0.1654264987150595,-0.5855663837840922,-0.0053759088039138,-0.1160461935319083,-0.0741161093713577,1.6950448915744067,0.0194659255561041,0.0167097271873355,0.019510852525525,0.0176395194467145,0.0013924770642154,0.0013693302440184,0.1021125535210517,0.1323089947197648,-0.1122005700169179,-0.0490239609518338,53.432717664774486,-0.9895540881338594,9.514219733049067,0.4505587173964735,False,0.0217591737889458,0.0131439656752401,,pre-pump,pre-pump
2025-03-06 23:09:41.264,0.0178450640782358,17820198.08971538,31976641.83252409,23.0,6.0,3.0,-0.0762363920392724,-0.0762363920392724,-0.1455716540865673,0.065746314136684,-0.0222556610616485,-0.0222556610616485,-0.151592212750117,-0.5817300983778357,-0.0763951824560414,-0.1467142312036828,-0.0371803841725183,1.7944043983988516,0.0190028222767132,0.0167560674685968,0.0190041325437629,0.0176853889926653,0.0013446103892857,0.0014816553232512,0.1048999271771497,0.127859879936193,-0.1455716540865673,0.065746314136684,54.67226539817751,-6.099033790982045,0.9028644246199536,0.2249636213613333,False,0.0217591737889458,0.0131439656752401,,post-pump,post-pump
2025-03-07 00:04:45.194,0.0174809512642026,17878451.040455304,31438974.21604335,0.0,7.0,4.0,-0.0204041191691365,-0.0204041191691365,-0.1416961738200024,0.1707633732527098,-0.0168143865543087,-0.0168143865543087,-0.1434175627593427,-0.568952563376173,0.003268928350103,-0.0803291722439389,0.1944214374136099,1.7584842302559285,0.0185680019874244,0.016785654562295,0.0185231482595428,0.0177916268781958,0.0012739602470026,0.0016018533222585,0.1048850507952332,0.1255661813764108,-0.1416961738200024,0.1707633732527098,50.85342379260351,-5.626457126710516,-1.7461900259047924,0.2311732033046123,False,0.0217591737889458,0.0131439656752401,,post-pump,post-pump
2025-03-07 01:04:37.902,0.0138667900143256,13704362.633388976,31604408.374516606,1.0,7.0,4.0,-0.2067485456170832,-0.2067485456170832,-0.1825411855426565,-0.162064014340878,0.0052620723989409,0.0052620723989409,-0.0925591906044881,-0.5164415186957946,-0.2334703603584681,-0.1915303699084876,-0.1676439730615804,2.3061567487652725,0.017224798566539,0.0166665172338064,0.018007065115838,0.0176798787010177,0.0022700367177877,0.0021140204023521,0.1165650050464466,0.1315560490518456,-0.1825411855426565,-0.162064014340878,37.79199112075313,-22.99250363609142,-21.567391672617475,-0.0017241538366902,False,0.0217591737889458,0.0131439656752401,,post-pump,post-pump
2025-03-07 02:08:03.502,0.0151267901019397,15109883.311326088,33590262.160045095,2.0,7.0,4.0,0.0908645826692702,0.0908645826692702,-0.2166403402456763,0.076219737172362,0.0628347084367424,0.0628347084367424,-0.02612239108181,-0.4174226820948686,0.1025600909386865,-0.2545300630737486,0.0464527571001409,2.2230656232048105,0.0166253675766535,0.0166036712284241,0.017309838983562,0.0177245164240747,0.0024267900549615,0.0023518458301473,0.1040234914398729,0.1287017723001048,-0.2166403402456763,0.076219737172362,40.1146645577009,-12.611607096376954,-14.656119580258864,0.2257758132363481,False,0.0217591737889458,0.0131439656752401,,post-pump,post-pump
2025-03-07 03:09:24.173,0.0136339767993152,13633658.94468574,32312160.25655089,3.0,7.0,4.0,-0.0986867202205098,-0.0986867202205098,-0.325773489602865,0.0372803106902626,-0.0380497745865907,-0.0380497745865907,-0.0437545719786794,-0.4168109412809008,-0.0976992565874944,-0.297178461909829,0.0414986761641305,2.370028499880132,0.015770684497414,0.0164824592109095,0.0162118923907913,0.0177449335542445,0.0023343912233529,0.0027330687789687,0.0978312086305933,0.1297441908416448,-0.325773489602865,0.0372803106902626,33.437063095635224,-15.901386027829869,-23.166932366145645,0.1641572758310444,False,0.0217591737889458,0.0132595447245749,,post-pump,post-pump
2025-03-07 04:09:40.114,0.0140414046268439,14040612.249862984,32092720.871107,4.0,7.0,4.0,0.0298832712953687,0.0298832712953687,-0.2731357790555994,0.0014533982499129,-0.0067912322698822,-0.0067912322698822,-0.0187063320408504,-0.3836960208893408,0.0298491627836905,-0.2722877125185037,-0.0004803246892529,2.28570665580628,0.0152766045343939,0.0163828243299272,0.0153324961474771,0.017745782643218,0.0018799655173391,0.002692452408116,0.1045665602848143,0.1292496330653843,-0.2731357790555994,0.0014533982499129,38.20359946044387,-8.420621849271914,-20.874695080241235,0.2699044835043555,False,0.0217591737889458,0.0132595447245749,,pump,pump
2025-03-07 05:02:37.103,0.0177489064064653,17181638.263501074,34183191.17083136,5.0,7.0,4.0,0.2640406624657421,0.2640406624657421,-0.0053884744458707,0.2441936423230737,0.0651384564157167,0.0651384564157167,0.0690050365471131,-0.3051063705356126,0.223710046096369,-0.0358334864180236,0.1863431604297074,1.9895187319504133,0.0159829764978429,0.0164385827820308,0.0153164698688487,0.017890929198224,0.0018545000197005,0.0024685716356204,0.161980273478871,0.1394675500605032,-0.0053884744458707,0.2441936423230737,49.19876076290887,15.881182533866877,-0.7938256877840444,0.682610381500675,False,0.0217591737889458,0.0132595447245749,,pre-pump,pre-pump
2025-03-07 06:02:16.796,0.0178961540854133,17931627.35346716,34270167.48662552,6.0,7.0,4.0,0.0082961550179994,0.0082961550179994,0.0237517292357509,0.3496808870251047,0.0025444176747424,0.0025444176747424,0.0900536146989621,-0.2544309328093975,0.0436506157599234,0.0029743243914994,0.3524318303923781,1.9111576886522368,0.0165295986657201,0.0164980754882913,0.0153856703390505,0.0180841212549256,0.001956369613915,0.0022720252677591,0.1613315261952294,0.1382193029649579,0.0237517292357509,0.3496808870251047,40.98441006425556,16.317025459663714,-1.0394044966999028,0.747175895963711,False,0.0217591737889458,0.0136339767993152,,pre-pump,pre-pump
2025-03-07 07:05:23.647,0.013835978247202,14303650.35854858,32871292.174143728,7.0,7.0,4.0,-0.2268742110083107,-0.2268742110083107,-0.0022219826716758,-0.2482447161773632,-0.0408190392716267,-0.0408190392716267,0.040085667309901,-0.288031603878482,-0.202322796665585,0.0437297042694648,-0.2082676223147769,2.298105123528708,0.0157599928318578,0.0163894184580427,0.0153805350445299,0.0178937496580041,0.0019611884275842,0.0024437790107914,0.1669651143383284,0.1234487596980682,-0.0022219826716758,-0.2482447161773632,35.67804995578638,-10.042282617971876,-22.677032418339472,0.2896899519967588,False,0.0217591737889458,0.0136339767993152,,post-pump,post-pump
2025-03-07 08:04:55.757,0.0129988897095735,12998970.948377488,34153246.678803906,8.0,7.0,4.0,-0.0605008567282029,-0.0605008567282029,-0.1406709802956373,-0.2638338116851291,0.0389992123786526,0.0389992123786526,0.0167603490582002,-0.2506355132358188,-0.0912130384528974,-0.1397040810610562,-0.2662254348439701,2.6273807991752505,0.0149711062254908,0.0162510295295338,0.0150258849791355,0.017699638901369,0.0021947431847383,0.0025078128060502,0.1639384432075696,0.1237681028788077,-0.1406709802956373,-0.2638338116851291,35.222130002839634,-13.490022533625512,-26.558446858663977,0.2508335263756126,False,0.0217591737889458,0.0129988897095735,,post-pump,post-pump
2025-03-07 09:04:52.551,0.0111478306214921,11704597.803712266,34762309.4280197,9.0,7.0,4.0,-0.1424013226851306,-0.1424013226851306,-0.1823493038324645,-0.2870661190337229,0.017833231345288,0.017833231345288,0.0758274640882938,-0.2246746695247172,-0.099575047117617,-0.1414925478772815,-0.2551307182432687,2.9699704347802864,0.0138787417672055,0.0160427356965525,0.0146115272828316,0.0175126086733215,0.0026890976795812,0.0025421295476306,0.1693386767201088,0.1249650515916683,-0.1823493038324645,-0.2870661190337229,37.56134082606958,-23.705233507036404,-36.34397462169906,0.1313846754156209,False,0.0217591737889458,0.0111478306214921,,post-pump,post-pump
2025-03-07 10:04:48.378,0.013320398942348,13472642.7658014,35356804.007637724,10.0,7.0,4.0,0.194887094594653,0.194887094594653,-0.0513485440849346,-0.2208584773195707,0.0171016997834683,0.0171016997834683,0.1017078966174342,-0.1849025219729723,0.1510555930019548,-0.0404519029479734,-0.2357288045708269,2.624340645132112,0.0137192152458176,0.0159316199106666,0.014491359668749,0.0173552815092752,0.0027353816065598,0.0022804594060087,0.1912819676661838,0.1301054005940145,-0.0513485440849346,-0.2208584773195707,37.09231686559444,-8.080406208716473,-23.24873016188699,0.3920834169349993,False,0.0217591737889458,0.0111478306214921,,post-pump,post-pump
2025-03-07 11:08:59.459,0.0118963721352555,12012433.216192652,34855878.1711892,11.0,7.0,4.0,-0.1069057175581473,-0.1069057175581473,-0.3297405562450838,-0.3940597517649383,-0.0141677351929296,-0.0141677351929296,0.0196788824365772,-0.2277510325546358,-0.1083833049678497,-0.3008563542097936,-0.3938367768210751,2.9016501106706496,0.0131984029285141,0.0157669159198335,0.013515937290214,0.0170329256427674,0.0023590345194095,0.0022309154996904,0.1458438353217925,0.1276665485492873,-0.3297405562450838,-0.3940597517649383,32.44705250924535,-11.982632947928662,-30.15661322805736,0.2771295598331026,False,0.0217591737889458,0.0111478306214921,,post-pump,post-pump
2025-03-07 12:04:39.712,0.0121761114572158,11902366.959119894,35025740.004755765,12.0,7.0,4.0,0.0235146747915928,0.0235146747915928,-0.3196241271111854,-0.3904920469541543,0.0048732622007776,0.0048732622007776,0.0220475291935797,-0.1865510130156156,-0.0091626946091479,-0.3362360970088686,-0.39542334390294,2.94275417024663,0.0129063196510003,0.0156203524723797,0.0125625968521811,0.0167078905972094,0.0009980887198962,0.0020895203349521,0.1473020169688677,0.1277344698061001,-0.3196241271111854,-0.3904920469541543,34.53557280225273,-3.076476937952899,-27.123586389478383,0.3349469917916695,False,0.0217591737889458,0.0111478306214921,,pre-pump,pre-pump
2025-03-07 13:02:00.571,0.0099949823613655,10083485.018898925,34032538.97504818,13.0,7.0,4.0,-0.1791318273912252,-0.1791318273912252,-0.2776092746902989,-0.5391494413106481,-0.0283563182269021,-0.0283563182269021,0.0353270809906851,-0.2008332259711335,-0.1528168259698374,-0.2950411422163624,-0.5349352856950401,3.3750770602884668,0.0120745089968189,0.015390745529073,0.0119224308712084,0.0162206765160542,0.0012241874497815,0.0023855612685124,0.1369605708137116,0.1302837024238841,-0.2776092746902989,-0.5391494413106481,33.507574588776734,-16.166573165020527,-38.38122379499376,0.1916854659869271,False,0.0217591737889458,0.0099949823613655,,post-pump,post-pump
2025-03-07 14:00:23.725,0.0106126002293957,10792538.170346372,35023520.36399798,14.0,7.0,4.0,0.0617927921931642,0.0617927921931642,-0.1835764079466211,-0.4505118447294293,0.0291186440622712,0.0291186440622712,0.0254814335333508,-0.1349483762239245,0.0703182629932515,-0.1697390344815348,-0.441403627402351,3.2451606666751265,0.0116568207775551,0.0151957191903106,0.0115247159578454,0.0158581344196155,0.0011917218070239,0.002485595705229,0.1431675385165584,0.1300705092990975,-0.1835764079466211,-0.4505118447294293,35.72220182079282,-7.9144313125462435,-33.077876952105115,0.2441391849631707,False,0.0217591737889458,0.0099949823613655,,post-pump,post-pump
2025-03-07 15:09:30.556,0.0096523732160009,9475758.198984489,36343460.58103588,15.0,7.0,4.0,-0.090479900555858,-0.090479900555858,-0.1341478406218409,-0.4681224594393585,0.037687251404765,0.037687251404765,0.0454846406649183,-0.0766627504335242,-0.1220083682427803,-0.190424279595568,-0.4786965942662388,3.835414519645593,0.0110841214742539,0.0149694601709511,0.0112754730569302,0.0155041609682785,0.0014206967988224,0.0026906555810979,0.1360217449612887,0.1306554993464237,-0.1341478406218409,-0.4681224594393585,40.152597941661554,-14.394960040561031,-37.74333718703263,0.1625203659868049,False,0.0217591737889458,0.0096523732160009,,post-pump,post-pump
2025-03-07 16:07:13.460,0.0094480017367577,9558386.644439306,35696902.079519235,16.0,7.0,4.0,-0.0211731845287965,-0.0211731845287965,-0.2907118039294782,-0.5657922571693638,-0.0177902294162384,-0.0177902294162384,0.0096190275514733,-0.0890646058711164,0.0087199824773571,-0.290533653226369,-0.5620870114629241,3.7346158308302257,0.0106166586921121,0.0147440945205758,0.0106300735226651,0.014991195466104,0.0011619451938148,0.0028427057843555,0.0897322415303454,0.1222285280985743,-0.2907118039294782,-0.5657922571693638,36.04239774979186,-11.120071591105186,-36.97632881833775,0.2092485167033257,False,0.0208853839688083,0.0094480017367577,,post-pump,post-pump
2025-03-07 17:04:48.375,0.0086596831821661,8654828.819138596,34031430.65659109,17.0,7.0,4.0,-0.0834375962828865,-0.0834375962828865,-0.2720736133915405,-0.5853711286754852,-0.0466559092219852,-0.0466559092219852,-0.0236530409748669,-0.0970743290829421,-0.0945303699161788,-0.2795107649404481,-0.5855802373486887,3.932074379257127,0.0100575228321275,0.0144957512006407,0.0100906253638169,0.0144817912666606,0.0012069368822206,0.0025281503818638,0.0873433062606513,0.1227495715818166,-0.2720736133915405,-0.5853711286754852,37.33535194391731,-14.18090683241432,-40.20295540302367,0.1770371144197905,False,0.0203668569695233,0.0086596831821661,,post-pump,post-pump
2025-03-07 18:09:31.323,0.0110043374572081,11367521.082615,34763606.66835758,18.0,7.0,4.0,0.2707552026696107,0.2707552026696107,-0.0962354856987847,-0.4596938804217633,0.0215146997243469,0.0215146997243469,-0.0074840199339855,-0.0528350345457008,0.3134310706963692,-0.0449360936645532,-0.415252613331721,3.0581519414574525,0.0103280412964362,0.0143532445172353,0.009895329697149,0.0140916862869808,0.0008414580616591,0.001647701044169,0.1578114243608189,0.1371477315425597,-0.0962354856987847,-0.4596938804217633,42.96184235538776,11.207385645559874,-21.90900909158846,0.6173760918113887,False,0.0202216563559396,0.0086596831821661,,pre-pump,pre-pump
2025-03-07 19:05:00.482,0.0127214173285676,13121749.155309834,36586525.16950348,19.0,7.0,4.0,0.1560366426453754,0.1560366426453754,0.272780368051557,-0.2500618588090926,0.0524375539781132,0.0524375539781132,0.0750454203939301,0.0504897171102733,0.1543193155258515,0.301310918865497,-0.2259008339504546,2.788235374450701,0.0110118630199023,0.0142866393258611,0.010349735525016,0.013914941639148,0.0014337497031372,0.0015133189765619,0.1433279184437143,0.1375769516901306,0.272780368051557,-0.2500618588090926,37.16514907811071,22.915385594337813,-8.577285780506882,0.8942894696677297,False,0.0202216563559396,0.0086596831821661,,pre-pump,pre-pump
2025-03-07 20:05:26.711,0.0122822409753385,11859719.534491248,35076910.32085059,20.0,7.0,4.0,-0.0345225961766754,-0.0345225961766754,0.1573262640496044,-0.3639488585071309,-0.0412614983702038,-0.0412614983702038,0.0015244029240273,0.0169797838654883,-0.0961784595850083,0.0988814074410289,-0.414882021841087,2.9576509139897884,0.0113748281500269,0.0142048271482888,0.0106280089826731,0.013622112225804,0.001641892433476,0.0014457558054896,0.1469452101684701,0.1343419857930784,0.1573262640496044,-0.3639488585071309,35.87853431965877,15.564834348204304,-9.836002143099732,0.8086661907288173,False,0.0202216563559396,0.0086596831821661,,pre-pump,pre-pump
2025-03-07 21:04:52.712,0.0123286843242034,12218233.442672608,34994524.86531551,21.0,7.0,4.0,0.0037813416100656,0.0037813416100656,0.2772697499684258,-0.390322725933271,-0.0023487090163156,-0.0023487090163156,-0.0371163255824968,0.0356272729073288,0.0302295435519115,0.2894201377977361,-0.3701443130003524,2.864123118084805,0.0116473584855059,0.0141282498901628,0.0110740608340402,0.0132932383911483,0.0016867549768096,0.0014905553992469,0.1357319890267233,0.1338266186146078,0.2772697499684258,-0.390322725933271,45.24917600418139,11.329389543414958,-7.255975094731138,0.7462609022765321,False,0.0193177820867289,0.0086596831821661,,pre-pump,pre-pump
2025-03-07 22:04:50.373,0.0116866048294958,11593117.957250616,34218756.984120265,22.0,7.0,4.0,-0.0520801310036856,-0.0520801310036856,0.236939318504648,-0.3950338202891125,-0.0221682644408223,-0.0221682644408223,-0.0414082177805295,0.0463011126046628,-0.0511625095685891,0.2128739282580745,-0.3991391374121891,2.95164399347106,0.0116585717266459,0.0140285909080948,0.0114471613494965,0.0129752726720969,0.0014914174298076,0.0013441831066786,0.1394440381228815,0.1339134567348977,0.236939318504648,-0.3950338202891125,45.812344376055,2.0917280073958766,-9.93172070574234,0.6160714408251909,False,0.0178961540854133,0.0086596831821661,,post-pump,post-pump
2025-03-07 23:03:24.103,0.0098651300166191,9871280.59615286,33407994.827364583,23.0,7.0,4.0,-0.1558600499847041,-0.1558600499847041,0.1392021866268178,-0.4471787843759658,-0.0236935011149566,-0.0236935011149566,-0.0183194128838588,0.0447624551176175,-0.1485223705518217,0.1405518009003599,-0.4460622409214463,3.3843627989244576,0.0111461598094953,0.0138586537288509,0.0116480691552387,0.0126427754195296,0.0010594559619053,0.0013542059516631,0.1548993410757038,0.1365265797211937,0.1392021866268178,-0.4471787843759658,45.899008043597576,-15.306735518631154,-21.97021864850831,0.3125244163557058,False,0.0178961540854133,0.0086596831821661,,post-pump,post-pump
2025-03-08 00:03:17.624,0.0076211242721351,7535401.296688635,32763448.01496669,0.0,8.0,5.0,-0.2274684409332344,-0.2274684409332344,-0.3074436055990737,-0.5640326343257075,-0.0192931906188498,-0.0192931906188498,-0.0575359936750023,0.0421284037393134,-0.2366338669751307,-0.3371112978877202,-0.5785204613286938,4.34793672227706,0.010139006798821,0.0136040606898012,0.0110842002910599,0.0122319492948601,0.0019751678760372,0.0015750018443711,0.1328696799516752,0.1432193308076206,-0.3074436055990737,-0.5640326343257075,31.86139445629456,-31.24335475711314,-37.69493243944781,0.0799768850551884,False,0.0178961540854133,0.0076211242721351,,post-pump,post-pump
2025-03-08 01:03:40.136,0.0088862143076411,8912656.414756184,30936525.51973048,1.0,8.0,5.0,0.1659978226744725,0.1659978226744725,-0.3014760794234815,-0.3591729377555391,-0.0557609960466204,-0.0557609960466204,-0.154428430237549,-0.0211325852669546,0.1827713035897333,-0.3207722301908509,-0.3496482358806235,3.4710779906774607,0.0097810660870553,0.0134114955313457,0.0104449997875721,0.0120244253070816,0.0019598795751827,0.0016379326393486,0.1360093841881783,0.1427803457254056,-0.3014760794234815,-0.3591729377555391,40.32191178740565,-14.923748316259076,-26.098636061985548,0.2400259750807271,False,0.0178961540854133,0.0076211242721351,,post-pump,post-pump
2025-03-08 02:03:58.010,0.008361304120483,8592073.20613602,29113562.771198902,2.0,8.0,5.0,-0.0590701697017073,-0.0590701697017073,-0.3192362747749654,-0.4472519242921977,-0.0589259045062749,-0.0589259045062749,-0.1700077770563196,-0.1332737258053059,-0.0359694342182195,-0.275524755779598,-0.4313607174123204,3.3884211729489784,0.0093754198108918,0.0132053652696779,0.0097915103117629,0.0117425300578542,0.0018766822441294,0.0017369755617159,0.1358188544646822,0.1415073646900504,-0.3192362747749654,-0.4472519242921977,37.92520980084821,-14.60659434287429,-28.79469688995726,0.2398723291389684,False,0.0178961540854133,0.0076211242721351,,post-pump,post-pump
2025-03-08 03:04:10.968,0.0079208164641083,8184161.663432022,28259292.218816977,3.0,8.0,5.0,-0.0526816929545262,-0.0526816929545262,-0.3575294609045729,-0.4190384375227819,-0.0293427004827807,-0.0293427004827807,-0.1924653262880588,-0.1254285694783358,-0.0474753337078981,-0.3301681702324862,-0.3997090805456796,3.4529244876825254,0.0089598188546679,0.0129896694000628,0.0090568656684137,0.0115044817105539,0.0015121976205108,0.0018553766827797,0.1329303180086884,0.1406331086168611,-0.3575294609045729,-0.4190384375227819,42.62174431243941,-12.543513903131654,-31.150166835921777,0.2532139628316917,False,0.0178961540854133,0.0076211242721351,,pre-pump,pre-pump
2025-03-08 04:04:47.839,0.0086368211400331,8849558.874183971,28621180.285732035,4.0,8.0,5.0,0.0903953120450704,0.0903953120450704,-0.2609640467833186,-0.384903336271536,0.0128059848106913,0.0128059848106913,-0.1635821167024235,-0.1081722113658609,0.0813030384926336,-0.2366541161043527,-0.3697170239659363,3.2341928781587126,0.0088675337933437,0.0128120021241432,0.0085485683868366,0.0112792907319368,0.0007930221698206,0.0018942874421497,0.147329710075467,0.1419726797841342,-0.2609640467833186,-0.384903336271536,43.020580994288586,1.0323688037915169,-23.4276219551794,0.3887073562223231,False,0.0178961540854133,0.0076211242721351,,post-pump,post-pump
2025-03-08 05:02:23.809,0.0080079028959436,8184079.985861014,26856896.537778035,5.0,8.0,5.0,-0.0728182549913371,-0.0728182549913371,-0.1882617986328369,-0.5488227436352584,-0.061642592315926,-0.061642592315926,-0.1960937291639103,-0.2143244788480977,-0.0751991028913655,-0.1709201348150716,-0.5236728965917969,3.281602401757628,0.0086219249655151,0.0126159164413595,0.0082390305333907,0.0108734155856651,0.0004750838580433,0.0019448157429129,0.1378390671611565,0.1297733597500961,-0.1882617986328369,-0.5488227436352584,44.05169439602172,-2.8052771076693794,-26.353381484832084,0.3377250583349285,False,0.0178961540854133,0.0076211242721351,,post-pump,post-pump
2025-03-08 06:02:19.680,0.0078898507247539,7889385.792849562,26240072.483119726,6.0,8.0,5.0,-0.0147419583783289,-0.0147419583783289,0.035260736214647,-0.5591314934427886,-0.0229670637406171,-0.0229670637406171,-0.1991052812532739,-0.234317355076822,-0.0360082249343324,0.0469761970495827,-0.5600295702484519,3.325996873787318,0.0084127608967261,0.0124230157998654,0.0082838182754938,0.0104564862789709,0.0004139096763477,0.0019974862633008,0.0969206042904004,0.1296046912604623,0.035260736214647,-0.5591314934427886,44.32850855409197,-4.755869064697061,-24.54587024494865,0.3248260946980451,False,0.013835978247202,0.0076211242721351,,post-pump,post-pump
2025-03-08 07:02:11.204,0.0068648798484351,6927480.176952833,25121464.57922034,7.0,8.0,5.0,-0.1299100467266154,-0.1299100467266154,-0.2274685697674306,-0.5038384907967488,-0.0426297566296354,-0.0426297566296354,-0.1879674864199423,-0.2357627912485695,-0.1219240180608912,-0.2227367628035796,-0.5156844579319136,3.626349543777465,0.007970509168643,0.0121961531079703,0.0079469291989594,0.010166023845689,0.0006043419366186,0.001901024977717,0.0739270285431212,0.1244650739207962,-0.2274685697674306,-0.5038384907967488,43.577761871344585,-13.615943006841846,-32.47232199493409,0.0392889872051676,False,0.013320398942348,0.0068648798484351,,post-pump,post-pump
2025-03-08 08:09:37.702,0.0079171644938603,7916787.278759543,24087207.942797143,8.0,8.0,5.0,0.1532852240181708,0.1532852240181708,-0.0531184633668179,-0.390935328266581,-0.0411702364391087,-0.0411702364391087,-0.172646503895915,-0.2947315325735611,0.1428090844775065,-0.0785940611975026,-0.3909681535408228,3.042548333643151,0.0079552678329908,0.012021500511476,0.0078729059278557,0.0099542852950343,0.000569639987338,0.0016590045796656,0.1065107390194525,0.1291158256141117,-0.0531184633668179,-0.390935328266581,37.827544000390056,0.5621630235411512,-20.464762067752083,0.4412204356994459,False,0.013320398942348,0.0068648798484351,,post-pump,post-pump
2025-03-08 09:07:56.528,0.0079746654895238,7883550.605553111,23169966.93971569,9.0,8.0,5.0,0.0072628269512515,0.0072628269512515,0.0067984185291387,-0.2846441823264428,-0.0380800051736895,-0.0380800051736895,-0.1800938692906279,-0.3334744635510366,-0.0041982526542811,-0.0367308308708126,-0.3264569413010723,2.939026854650358,0.0079608100205716,0.0118563235718045,0.0078818807654249,0.0098220700812022,0.0005709684542113,0.0012506544346012,0.1038557878966578,0.1261540507641043,0.0067984185291387,-0.2846441823264428,28.46574770181749,1.177190151186336,-18.80870912552433,0.5136938344405748,False,0.013320398942348,0.0068648798484351,,pump,pump
2025-03-08 10:07:20.143,0.007784622308975,7759033.479551206,22345271.272295773,10.0,8.0,5.0,-0.023830865482503,-0.023830865482503,-0.0986704271445448,-0.4155863992762069,-0.0355933035884615,-0.0355933035884615,-0.2192749897377527,-0.3680064728851403,-0.0157945489579525,-0.1232293507661785,-0.4240897191123829,2.879903963707121,0.0079104706744011,0.0116901316835257,0.0077398476269152,0.0095914127214784,0.0004355476189926,0.0007419272969628,0.0953169652980154,0.1186617880864996,-0.0986704271445448,-0.4155863992762069,29.124082911155853,0.5784956528603002,-18.83758383639777,0.45353995723189,False,0.0127214173285676,0.0068648798484351,,pre-pump,pre-pump
2025-03-08 11:04:46.384,0.0085162109250181,8569063.502562348,22501232.83095109,11.0,8.0,5.0,0.0939786911947726,0.0939786911947726,0.0634757983056941,-0.284133782283098,0.0069796225230294,0.0069796225230294,-0.1621804552398704,-0.3544494067703644,0.104398315221343,0.0470405369163595,-0.2866504771896399,2.6258683722232545,0.0080835393174345,0.0115605838974642,0.007824565631761,0.0094505726710518,0.0005359724140975,0.0005291673535143,0.0988018563023718,0.1190161703263519,0.0634757983056941,-0.284133782283098,33.36241369329687,8.839408164072138,-9.886826741154133,0.7648977022573498,False,0.0127214173285676,0.0068648798484351,,pre-pump,pre-pump
2025-03-08 12:09:44.777,0.0072125276217701,7192618.842658092,21910453.46295746,12.0,8.0,5.0,-0.1530825521733105,-0.1530825521733105,-0.0858473913655606,-0.4076493429685373,-0.0262554221998447,-0.0262554221998447,-0.1650002690711893,-0.374447093480895,-0.1606295319777554,-0.0883170082546825,-0.3956984465894889,3.046241423639831,0.007834678832959,0.011383112212742,0.0077116784479304,0.0092437566779082,0.0005882515496001,0.0005695961468647,0.120668203434511,0.1224506356151825,-0.0858473913655606,-0.4076493429685373,31.541085829789424,-6.472661295859128,-21.974064516352264,0.2263145889810197,False,0.0127214173285676,0.0068648798484351,,post-pump,post-pump
2025-03-08 13:07:59.970,0.0066187003005903,6614420.548496625,20702710.32691685,13.0,8.0,5.0,-0.0823327621494866,-0.0823327621494866,-0.0358607220053411,-0.3377977007569163,-0.0551217772869219,-0.0551217772869219,-0.1758955668515656,-0.3916789357944886,-0.0803877289774177,-0.0451909814910379,-0.3440342762348951,3.129935596795749,0.0074872563951393,0.0111886464204093,0.0076706485232896,0.0091030782587093,0.000662967881906,0.0006217841615585,0.1123906156465646,0.1183151327326922,-0.0358607220053411,-0.3377977007569163,35.09631747171498,-13.713941129037256,-27.29162473959954,0.1167021180031701,False,0.0127214173285676,0.0066187003005903,,post-pump,post-pump
2025-03-08 14:07:46.451,0.0077358732014887,7735413.803754015,20737362.043513075,14.0,8.0,5.0,0.1687903742670993,0.1687903742670993,-0.0228985127834834,-0.2710671245241851,0.0016737768170949,0.0016737768170949,-0.1390715730623225,-0.4079018377367398,0.169477166901971,-0.0229099846464418,-0.283262780111552,2.680834221622272,0.007558289768382,0.0110477169012696,0.0076404333078943,0.0089832146325465,0.0006535500656638,0.0005969785723738,0.1167359469508234,0.1230748418611315,-0.0228985127834834,-0.2710671245241851,50.58758011309026,1.2491424209639446,-13.885245784272636,0.5625677558370055,False,0.0127214173285676,0.0066187003005903,,post-pump,post-pump
2025-03-08 15:09:36.725,0.0180680725755727,17707236.70774706,32799173.058721863,15.0,8.0,5.0,1.3356216040479647,1.3356216040479647,1.2656840715524007,0.8718787775032317,0.5816463535670335,0.5816463535670335,0.4155899809464436,-0.0975220153956235,1.2891130528988244,1.246099199930831,0.8686881129622677,1.8523033040142256,0.0105610848561508,0.011334262030833,0.0093226678222358,0.0093338687725286,0.0043308223288374,0.0030397029927808,0.5573335545216349,0.2990105247609791,1.2656840715524007,0.8718787775032317,74.37880143576143,93.80796270009664,93.57538675442278,1.111630106630052,False,0.0180680725755727,0.0066187003005903,,pre-pump,pre-pump
2025-03-08 16:09:48.222,0.0174068392289011,17407176.341549706,35507790.65258495,16.0,8.0,5.0,-0.0365967838520618,-0.0365967838520618,1.236054433730524,0.8423831529559667,0.0825818867144523,0.0825818867144523,0.589051670928175,-0.005297698565355,-0.0169456347791452,1.2434722555877618,0.8211416831183029,2.0398363270342905,0.0125170146769366,0.0115821223246317,0.0109263706422235,0.0096654870013679,0.0053167128405105,0.0039628671044811,0.5584883486195282,0.2991944092070661,1.236054433730524,0.8423831529559667,73.84423950574083,59.31034923558873,80.09272814124566,0.8844148237190858,False,0.0180680725755727,0.0066187003005903,,pre-pump,pre-pump
2025-03-08 17:00:38.447,0.0166267930986887,16625805.40283554,35711807.95532934,17.0,8.0,5.0,-0.0448126233576779,-0.0448126233576779,0.9523698091887458,0.9200232559235196,0.0057457053507086,0.0057457053507086,0.5871045032788926,0.049377215894766,-0.0448878625334017,0.9402126495928104,0.9209860472422706,2.1479746147659515,0.0136912370831514,0.0117880272541851,0.0122781343378352,0.0099974499145564,0.0056046326004358,0.004451748254459,0.5676046379073638,0.2985328093801744,0.9523698091887458,0.9200232559235196,72.54555227092675,35.417911558867466,66.31034154499578,0.7631665339279657,False,0.0180680725755727,0.0066187003005903,,pre-pump,pre-pump
2025-03-08 18:04:46.839,0.0187442527071975,19184851.1282629,37636760.96246579,18.0,8.0,5.0,0.1273522558403519,0.1273522558403519,1.5988465750370722,0.7033513176133628,0.0539024238017942,0.0539024238017942,0.7177536296131775,0.0826483374270659,0.153920105728587,1.6672970649412275,0.6876899535821746,1.9617958310356527,0.0151349558328789,0.0120719548236958,0.0142000885187398,0.0103199463833059,0.0054962969543706,0.0050369091913601,0.5439740016670117,0.2954336397745347,1.5988465750370722,0.7033513176133628,74.4034984307354,32.00095677192956,81.63129934007252,0.7783144235541016,False,0.0187442527071975,0.0066187003005903,,pre-pump,pre-pump
2025-03-08 19:04:57.067,0.0300219745456425,30184871.95298772,44540157.96280638,19.0,8.0,5.0,0.6016629211424647,0.6016629211424647,3.5359320081262693,1.3599551661766682,0.1834216554188914,0.1834216554188914,1.1514167594228963,0.2173924076269646,0.5733701424724489,3.563494524074125,1.3003695312048502,1.475578827439676,0.0193883897508113,0.0128046086898977,0.0181006342262485,0.0110408029340174,0.0071079601896596,0.0072686557944675,0.5333059581846645,0.3157918378741833,3.5359320081262693,1.3599551661766682,85.10144631579695,65.86145087726429,171.91839873477676,0.9638506407599468,False,0.0300219745456425,0.0066187003005903,,pre-pump,pre-pump
2025-03-08 20:09:42.649,0.0309110282090401,31741166.473003656,50230976.2380426,20.0,8.0,5.0,0.029613430723751,0.029613430723751,2.995803370082585,1.5167254307342055,0.1277682553346215,0.1277682553346215,1.4222452273651425,0.4320239661525735,0.0515587583886336,3.1033572706349064,1.676384241692379,1.582518282079041,0.0226805721674481,0.0135436462212912,0.0219631600608404,0.0118170024020883,0.0066299136984663,0.0087247605937765,0.5460900482431976,0.3151659997210304,2.995803370082585,1.5167254307342055,85.82640443857676,40.7403494006011,161.58095900511432,0.8571591137037033,False,0.0309110282090401,0.0066187003005903,,pre-pump,pre-pump
2025-03-08 21:07:09.865,0.0299544719530366,29901702.537692428,51856753.81389117,21.0,8.0,5.0,-0.0309454687024532,-0.0309454687024532,0.657867590898092,1.4296568202521531,0.0323660358131221,0.0323660358131221,0.5810384524344454,0.4818533474443169,-0.0579519954591373,0.6886713060434884,1.4473016232657403,1.7342408429260316,0.0247588292490448,0.0142134758429951,0.023944226623751,0.0125514102199564,0.0069988626093948,0.0094391373098884,0.2505143980387936,0.3155611954425087,0.657867590898092,1.4296568202521531,86.00955206464963,25.10102090047772,138.6542342900227,0.7644650535442082,False,0.0309110282090401,0.0066187003005903,,pre-pump,pre-pump
2025-03-08 22:04:43.882,0.0368348854955073,36551940.9529312,56329500.15474926,22.0,8.0,5.0,0.2296957046432997,0.2296957046432997,1.116115683676174,2.1518893667508805,0.0862519539289006,0.0862519539289006,0.586398340180833,0.6461585726474466,0.2224033366279345,1.099820225620642,2.152899943545449,1.5410809572954305,0.0282091310337484,0.0151367986859548,0.0271822343348521,0.0135992552477068,0.007815930881228,0.0106153421048066,0.2433201794341022,0.3161313346944267,1.116115683676174,2.1518893667508805,88.16160700818422,35.51088200383472,170.8595788855308,0.8790594497383634,False,0.0368348854955073,0.0066187003005903,,pre-pump,pre-pump
2025-03-08 23:09:58.600,0.0291253843572926,29126756.56474231,20779691.064796884,23.0,8.0,5.0,-0.2092989033223686,-0.2092989033223686,0.7517138864011979,1.952356867900077,-0.6311046430784828,-0.6311046430784828,-0.4181282815255538,-0.3780024460559309,-0.2031406320597441,0.7519004859623057,1.950656328834772,0.7134227602242029,0.0284709176976181,0.0157077613664176,0.0292653328779527,0.0144017658452349,0.0058611700671227,0.0104207871297191,0.2768923954180863,0.3180470416106511,0.7517138864011979,1.952356867900077,73.22187807075758,-0.4782058049495163,102.2348139129703,0.5969930576961855,False,0.0368348854955073,0.0066187003005903,,post-pump,post-pump
2025-03-09 00:09:36.135,0.0274036029511059,27515830.31727833,56356195.55792458,0.0,9.0,6.0,-0.0591161780069552,-0.0591161780069552,0.4619736182164971,2.5957428290863747,1.7120805300805588,1.7120805300805588,0.4973710307889465,0.7200935485233568,-0.0553074367852545,0.4342477892227334,2.651541468583752,2.0481371962283177,0.028165970627186,0.0161851426555885,0.0307085579186041,0.015226035790192,0.0032262080537979,0.0096326961149082,0.2868190384619221,0.3128364186911241,0.4619736182164971,2.5957428290863747,70.83922635718595,-10.762325525862693,79.978579642891,0.4981479005586479,False,0.0368348854955073,0.0066187003005903,,post-pump,post-pump
2025-03-09 01:09:32.547,0.0287079497028884,30447793.306330018,58244853.4961448,1.0,9.0,6.0,0.0475976372198116,0.0475976372198116,-0.0437687681320355,2.2306164030056013,0.0335128714691004,0.0335128714691004,0.3076930159246995,0.8827212338049342,0.106555497517027,0.0087103683511327,2.4162422390612206,1.9129417002458384,0.0283208217916724,0.016696277637111,0.0304895537781451,0.0160519414316606,0.0033252173359191,0.0083576683619651,0.1443270533438251,0.3124330520291313,-0.0437687681320355,2.2306164030056013,71.18977880858293,-5.843326170728669,78.84409699044323,0.4872434359382795,False,0.0368348854955073,0.0066187003005903,,post-pump,post-pump
2025-03-09 02:01:12.962,0.0287079301029882,28144616.37496383,57764061.32891676,2.0,9.0,6.0,-6.827342392545788e-07,-6.827342392545788e-07,-0.0712722362761,2.433427332545088,-0.0082546721017997,-0.0082546721017997,0.1499689166934594,0.9840945535549794,-0.0756434763003781,-0.1133086933367349,2.27564904298818,2.052401800733054,0.0284314241663341,0.0171865491663304,0.0301223707604698,0.016899717514265,0.003390367344954,0.0065848993202564,0.1436682720483433,0.3115225787212525,-0.0712722362761,2.433427332545088,73.19247326984336,-4.695648522253193,69.87224833051671,0.3697337531451636,False,0.0368348854955073,0.0066187003005903,,post-pump,post-pump
2025-03-09 03:04:51.802,0.0238247651974179,23672991.758550804,57089216.84353162,3.0,9.0,6.0,-0.1700981188142859,-0.1700981188142859,-0.2046341115686838,2.0078673461726293,-0.011682774200077,-0.011682774200077,0.1009022479197068,1.0201927352418865,-0.1588802830651045,-0.2083062250816674,1.8925371628868284,2.411575918489927,0.0271152358895009,0.0174574967594361,0.0291007529678667,0.0175623820448196,0.0042624495774594,0.0061461892328093,0.1593284436533736,0.3146408925556501,-0.2046341115686838,2.0078673461726293,66.99174111235956,-18.130073047507068,35.6579371557713,0.1172641233116214,False,0.0368348854955073,0.0066187003005903,,post-pump,post-pump
2025-03-09 04:06:20.578,0.0257043797068291,25694133.550566584,58250534.15288946,4.0,9.0,6.0,0.0788933067686608,0.0788933067686608,-0.302172943907638,1.9761389393239872,0.0203421481948287,0.0203421481948287,0.0341035157930162,1.0352247381610598,0.0853775396295541,-0.2970514593560565,1.903436647618876,2.2670752465052466,0.0267121341230232,0.0177941042266766,0.0272456686697536,0.0182735303184361,0.0020934612896573,0.0054553464209782,0.1170448005238422,0.3146290021255741,-0.302172943907638,1.9761389393239872,67.48143455543808,-5.65700545509319,40.6645528198565,0.2986741473972392,False,0.0368348854955073,0.0066187003005903,,post-pump,post-pump
2025-03-09 05:07:58.286,0.0334363424157697,33984922.74801583,62578796.458552405,5.0,9.0,6.0,0.3008033182332106,0.3008033182332106,0.1480137740190095,3.175418065159964,0.0743042509155813,0.0743042509155813,2.011536420989813,1.3300829405410433,0.3226724567743373,0.1667939295772562,3.152564834010528,1.84136938967166,0.0286333364923793,0.0184325629282722,0.0279641616794998,0.0193330486317622,0.0032743432315435,0.0045771401375998,0.1580260636762779,0.3161373847767781,0.1480137740190095,3.175418065159964,65.74847732625807,19.568549198746062,72.94914554157374,0.7535747178383848,False,0.0368348854955073,0.0066187003005903,,pre-pump,pre-pump
2025-03-09 06:04:51.364,0.0323933731850166,32409790.679146525,64475579.907603614,6.0,9.0,6.0,-0.0311926830328546,-0.0311926830328546,0.1820844595804995,3.105701655848123,0.0303103216487632,0.0303103216487632,0.1440726129451675,1.4571418371302456,-0.0463479667306663,0.1778598103505193,3.1080245699887943,1.9893858786656475,0.0297076326902757,0.0190023919183434,0.0287957900518183,0.0203540287342731,0.0037083870338606,0.0034611979893083,0.1551552788431452,0.3163977228746437,0.1820844595804995,3.105701655848123,65.2380807524806,12.493434376082057,59.14968779851895,0.7935208381785259,False,0.0368348854955073,0.0066187003005903,,pre-pump,pre-pump
2025-03-09 07:04:49.911,0.030406599608733,30994546.98458437,64640454.13711573,7.0,9.0,6.0,-0.0613327165694054,-0.0613327165694054,0.0591700181804935,3.429298149430017,0.002557157760324,0.002557157760324,0.1098054206865548,1.573116465135724,-0.0436671655356529,0.0179570871607526,3.4741444497669907,2.0855427946491907,0.0299073375241206,0.0194678697832573,0.029078898369459,0.0213349337242855,0.0037647512945524,0.0034657015458086,0.1600565652073076,0.3146129763184364,0.0591700181804935,3.429298149430017,63.67550650280151,4.565858109220433,42.52024403582335,0.6223451819710067,False,0.0368348854955073,0.0066187003005903,,pre-pump,pre-pump
2025-03-09 08:09:44.872,0.0287535063256342,30156259.309158787,65691898.4521302,8.0,9.0,6.0,-0.0543662660202235,-0.0543662660202235,0.0015875830295843,2.63179347201038,0.0162660415841777,0.0162660415841777,0.1372451476026106,1.7272525154487326,-0.0270462954610214,0.0714752301965793,2.8091536689468657,2.178383524914804,0.0295776714674102,0.0198468753564155,0.0290864944065667,0.0222031146339428,0.0037638989858377,0.0034578862567172,0.1628957817987356,0.3157838476354357,0.0015875830295843,2.63179347201038,60.02590214820359,-1.144820260145818,29.50212976731425,0.4812965263554695,False,0.0368348854955073,0.0066187003005903,,post-pump,post-pump
2025-03-09 09:09:51.615,0.0284364478730597,28232906.29598116,65363119.72328193,9.0,9.0,6.0,-0.0110267752733806,-0.0110267752733806,0.1935667628800643,2.5658483619678143,-0.0050048596036215,-0.0050048596036215,0.1449293463322007,1.821027750852888,-0.0637795620955377,0.1926209658643289,2.58124247672034,2.315139611843153,0.02925160758331,0.0201974701530132,0.0298551081858403,0.0230556888999235,0.0028293759472056,0.0034716563853807,0.1387956501762648,0.3160041416377143,0.1935667628800643,2.5658483619678143,47.964993716958574,-4.751817692134564,23.3380967122351,0.4591426378574039,False,0.0368348854955073,0.0066187003005903,,post-pump,post-pump
2025-03-09 10:09:14.661,0.0301031585905445,29879509.92742343,65340150.77526656,10.0,9.0,6.0,0.058611776158717,0.058611776158717,0.1711295481114736,2.8670030986395,-0.0003514053201959,-0.0003514053201959,0.1217090405346166,1.924115352149558,0.0583221441738945,0.1628922947963953,2.850931949987114,2.18678790026932,0.0294949078710913,0.02060178396679,0.0305882379997929,0.0239856279116555,0.0019816633117303,0.0026123162386893,0.1378137336552881,0.3152139459273141,0.1711295481114736,2.8670030986395,48.98340173631802,-1.5858363899605266,25.504984490800787,0.5755342918993317,False,0.0368348854955073,0.0066187003005903,,post-pump,post-pump
2025-03-09 11:06:14.873,0.0263384916476889,25663323.09623481,64433606.5365472,11.0,9.0,6.0,-0.1250588682092015,-0.1250588682092015,-0.2122795214805914,2.092747687861304,-0.0138742293668308,-0.0138742293668308,0.0296395933281217,1.8635589445533367,-0.1411062912822074,-0.2448615144275079,1.9948807227955403,2.510727324552936,0.0285930746644049,0.0208359353007042,0.0294052628717794,0.0247282229417668,0.0020584951676997,0.0027140032107263,0.0608227671359093,0.3182106968419476,-0.2122795214805914,2.092747687861304,45.75011308771155,-10.429327693695924,6.511865853499144,0.2124700794443602,False,0.0368348854955073,0.0066187003005903,,post-pump,post-pump
2025-03-09 12:06:34.613,0.0248444335153166,26616972.98369264,64991896.55120983,12.0,9.0,6.0,-0.0567252731233528,-0.0567252731233528,-0.2330396290186823,2.444622304159617,0.0086645780776832,0.0086645780776832,0.0080079410583995,1.9662506374451487,0.0371600312197193,-0.1787366587091587,2.700595508527756,2.4417463470030296,0.0275220343360939,0.0209995474727292,0.0281471062601628,0.0254628856873312,0.0021707890084384,0.0029167956974141,0.0611941525953301,0.3157461710097122,-0.2330396290186823,2.444622304159617,33.86459535330923,-11.733613801432076,-2.428837719372812,0.1103187222716004,False,0.0368348854955073,0.0066187003005903,,post-pump,post-pump
2025-03-09 13:09:01.606,0.0269425550308332,26724717.21687661,65034704.72194974,13.0,9.0,6.0,0.0844503664864448,0.0844503664864448,-0.1139241027433037,3.070671552907492,0.0006586693574357,0.0006586693574357,0.0060991308012428,2.141361864943556,0.004047952156317,-0.1377606767355376,3.040371642675609,2.433503942967091,0.0273564688203051,0.0212421192097947,0.0275697654971795,0.026309712967758,0.0018924758348798,0.0029481354902221,0.0783521608658374,0.3137651460031268,-0.1139241027433037,3.070671552907492,46.54006201024245,-2.2749938384876045,2.4053552535927114,0.3380372078093736,False,0.0368348854955073,0.0077358732014887,,post-pump,post-pump
2025-03-09 14:05:13.630,0.0267678239069612,27894817.88958976,64224557.16395666,14.0,9.0,6.0,-0.0064853212203533,-0.0064853212203533,-0.0690587922107688,2.4602200953616937,-0.0124571574739487,-0.0124571574739487,-0.0223367161362035,2.097045662278292,0.0437834631969176,-0.0749907804010096,2.606118379349317,2.302383095604472,0.0271882845593497,0.021467658177026,0.0272388184274006,0.0271027109138194,0.0018161517621179,0.0029782306151187,0.0762381602877639,0.313903984002268,-0.0690587922107688,2.4602200953616937,48.940272582283626,-1.72912977739772,-1.2356218089145776,0.3631893354360372,False,0.0368348854955073,0.0166267930986887,,pump,pump
2025-03-09 15:09:47.284,0.0297170479289994,28711160.24003175,56088352.371718384,15.0,9.0,6.0,0.1101779521670878,0.1101779521670878,0.0450337560322688,0.6447270623196213,-0.1266837040459093,-0.1266837040459093,-0.14189603236242,0.7100538562756091,0.0292650181002487,0.0169395930775524,0.6214365185207233,1.9535383419829488,0.0279107883792496,0.0218043679628208,0.0274522517700573,0.0275880848868788,0.0020457770425028,0.0026675493802347,0.0904459969910896,0.166284651712603,0.0450337560322688,0.6447270623196213,51.59454656066567,8.249946772717397,7.716965678661825,0.7733446149923529,False,0.0368348854955073,0.0166267930986887,,pre-pump,pre-pump
2025-03-09 16:11:59.745,0.0256829144460999,26312486.294651102,52205471.53365918,16.0,9.0,6.0,-0.1357514882547532,-0.1357514882547532,-0.1468365564081708,0.4754496269177797,-0.0692279354602165,-0.0692279354602165,-0.20102003264093,0.4702540083230622,-0.0835450021986988,-0.1193802589612927,0.5115884264264645,1.984056958702215,0.0272742529697782,0.0219626759825465,0.0267155444126498,0.0279329213542621,0.0016596891124817,0.0026697131956183,0.1037387485473606,0.1692721336644195,-0.1468365564081708,0.4754496269177797,45.76046684783097,-3.865277647349808,-8.055036133264782,0.2786921509073259,False,0.0368348854955073,0.0166267930986887,,post-pump,post-pump
2025-03-09 17:04:48.662,0.0225721009840414,23028595.281342395,48996589.92695853,17.0,9.0,6.0,-0.1211238494208702,-0.1211238494208702,-0.1429994820518882,0.3575739380447085,-0.0614663848909351,-0.0614663848909351,-0.2395802041723783,0.3719997035223379,-0.1248035239443058,-0.1026651071263241,0.3851115614173406,2.127641279390377,0.0259307809738534,0.0219875504724034,0.0260878126353752,0.0281806425161518,0.0023847226800517,0.0027409014989106,0.1029631450720899,0.1714031592891674,-0.1429994820518882,0.3575739380447085,48.15262689235208,-13.476452397417738,-19.90210666380616,0.0884434859415375,False,0.0368348854955073,0.0187442527071975,,post-pump,post-pump
2025-03-09 18:02:13.701,0.0229563415478012,22959829.69031613,47192420.67173707,18.0,9.0,6.0,0.0170228089991026,0.0170228089991026,-0.0759965795296315,0.2247136178966644,-0.036822343308198,-0.036822343308198,-0.2738722336783603,0.2538916597738285,-0.0029860957729357,-0.1373989181871704,0.1967687180273176,2.055434265335236,0.0250809411378385,0.0220270929652768,0.0257731306407893,0.0283561462178436,0.0026870237175574,0.0026383429305929,0.1022317841827951,0.1700082815065471,-0.0759965795296315,0.2247136178966644,45.76032012033272,-10.929169344023135,-19.04280161542028,0.1997196319747933,False,0.0368348854955073,0.0225721009840414,,post-pump,post-pump
2025-03-09 19:02:08.171,0.0227507189667384,23145765.021072447,44119841.370868415,19.0,9.0,6.0,-0.0089571145574148,-0.0089571145574148,-0.1555842071881319,-0.2421977797579432,-0.0651074739785234,-0.0651074739785234,-0.3215954226362835,-0.009436800657262,0.0080982887619041,-0.1339191792661537,-0.2331998274790937,1.906173389849101,0.024415163374667,0.0220566287204385,0.0250744912967735,0.0280531772353893,0.0028614443771965,0.0026547696964418,0.0918050928672931,0.1164775533181696,-0.1555842071881319,-0.2421977797579432,28.52758978062896,-9.267475469519049,-18.90145356498812,0.2482858174215878,False,0.0368348854955073,0.0225721009840414,,post-pump,post-pump
2025-03-09 20:02:03.642,0.0222679778669435,21798386.90726501,41502849.4752713,20.0,9.0,6.0,-0.0212187184282249,-0.0212187184282249,-0.1681065317695651,-0.279610574052949,-0.0593155327463409,-0.0593155327463409,-0.3537853539523814,-0.1737598473382052,-0.0582127275802183,-0.2185506643726795,-0.313245563114233,1.903941316934748,0.0238016818010317,0.0220652552162142,0.0243245169567706,0.0276930501378019,0.0029180024968482,0.0027723503018596,0.091433234995637,0.1162791285263156,-0.1681065317695651,-0.279610574052949,29.18468893204588,-8.454593747871753,-19.590013537198143,0.2537948539149917,False,0.0368348854955073,0.0222679778669435,,post-pump,post-pump
2025-03-09 21:01:03.421,0.02432040829774,24044928.55306143,39735333.00864492,21.0,9.0,6.0,0.0921695918264453,0.0921695918264453,-0.1816007984424686,-0.1880875638245212,-0.0425878340637675,-0.0425878340637675,-0.2915582054308873,-0.2337481603408659,0.1030599950057629,-0.1625232713676345,-0.1958675756756082,1.6525452725284049,0.0239498893715198,0.0221573022807663,0.0234250770182273,0.0274582974854979,0.0013145619981131,0.0026666423255729,0.0861889049981903,0.1178955465634898,-0.1816007984424686,-0.1880875638245212,37.52197863138705,3.822106022601046,-11.427835937079568,0.4704371311741542,False,0.0368348854955073,0.0222679778669435,,pre-pump,pre-pump
2025-03-09 22:02:09.833,0.0230499787248998,22967748.270376936,35510362.14097185,22.0,9.0,6.0,-0.0522371811067933,-0.0522371811067933,-0.1025170148320113,-0.374235092227688,-0.1063278082192964,-0.1063278082192964,-0.319796161249559,-0.3695956462702982,-0.0447986476777176,-0.1271160006249238,-0.3716408028795777,1.5460968016081913,0.0236927720439141,0.0221937380539962,0.0229862543980273,0.0268839263700559,0.0007110335240165,0.0022967070330311,0.0710376012805581,0.1073621435792877,-0.1025170148320113,-0.374235092227688,38.12011694699007,0.2772279718521009,-14.26111495911001,0.3888385478154774,False,0.0334363424157697,0.0222679778669435,,pump,pump
2025-03-09 23:04:52.979,0.0173208742198656,18288618.84555948,32630570.02496928,23.0,9.0,6.0,-0.2485514009974038,-0.2485514009974038,-0.2326423565040952,-0.4052997204300004,-0.0810972330997397,-0.0810972330997397,-0.3340236519804098,0.5703106424064748,-0.2037260844961648,-0.2058300290518896,-0.3721024582703555,1.7842008902105837,0.0218722298084716,0.0219948456526031,0.0221110499373314,0.0263920717809965,0.0024436430093627,0.0031003722908336,0.1145642683439188,0.1107144127636709,-0.2326423565040952,-0.4052997204300004,31.10690584444275,-21.66417122227322,-34.37091879866204,-0.0482705965206218,False,0.0334363424157697,0.0173208742198656,,post-pump,post-pump
2025-03-10 00:04:58.304,0.0189896372640183,18496870.15691789,32531267.43014692,0.0,10.0,0.0,0.0963440426256756,0.0963440426256756,-0.1727933989622504,-0.3070386657586588,-0.0030432381275097,-0.0030432381275097,-0.3106675401029073,-0.4227561476056291,0.011386934853693,-0.1943812124739149,-0.3277735055190053,1.758744433743031,0.0210486319386278,0.0218721840857221,0.0214499325567009,0.0260414898773678,0.0026930725133421,0.0034169870450571,0.1260415460580752,0.1125873630946061,-0.1727933989622504,-0.3070386657586588,31.11171194755908,-11.46994418830486,-27.07929786873748,0.2043447616207703,False,0.0334363424157697,0.0173208742198656,,post-pump,post-pump
2025-03-10 01:04:54.031,0.0169596838691709,16992552.61375334,32512099.67148353,1.0,10.0,0.0,-0.1068979552702551,-0.1068979552702551,-0.254542948995766,-0.4092338866169696,-0.0005892103252522,-0.0005892103252522,-0.2630957260659889,-0.4418030483391036,-0.0813282209586105,-0.2658461451465128,-0.4419118507934487,1.9133146390948388,0.0198803610616401,0.0216716738728016,0.0204847600404396,0.0255519788009629,0.0031350961033131,0.0037329047490478,0.1300230608916027,0.1136175399480384,-0.254542948995766,-0.4092338866169696,33.061184310484464,-17.20828637635884,-33.62673004201244,0.1411150084254591,False,0.0334363424157697,0.0169596838691709,,post-pump,post-pump
2025-03-10 02:05:10.834,0.0178015874796427,17797929.28984042,32517991.49553475,2.0,10.0,0.0,0.0496414683767898,0.0496414683767898,-0.2005745835561967,-0.379906965922641,0.000181219426329,0.000181219426329,-0.2164877374284869,-0.4370549655369158,0.0473958618456904,-0.1835208097940178,-0.3676257990969581,1.8270660011048008,0.019286425752498,0.0215137111628768,0.0197403616425562,0.0250975478583235,0.0031571795391035,0.0037593041655852,0.1351926234982673,0.1143618447630648,-0.2005745835561967,-0.379906965922641,36.97323413807728,-9.821371046890617,-29.07041126036214,0.27801180124865,False,0.0334363424157697,0.0169596838691709,,pre-pump,pre-pump
2025-03-10 03:04:37.696,0.0179746207614329,17973310.427985415,31871577.849414226,3.0,10.0,0.0,0.0097201040069079,0.0097201040069079,-0.2609243832841733,-0.2455488810701492,-0.0198786461399157,-0.0198786461399157,-0.1979033410269857,-0.4417233304011356,0.0098540192675733,-0.2525113814198865,-0.2407672586844303,1.77327254081076,0.0189116243264794,0.0213692584934301,0.018682730386505,0.0248537918401575,0.0022480401893036,0.0030358216564018,0.1242515413854963,0.1094375156374835,-0.2609243832841733,-0.2455488810701492,32.14065815195907,-3.790182753927762,-27.67855755357863,0.340117462468268,False,0.0334363424157697,0.0169596838691709,,post-pump,post-pump
2025-03-10 04:04:40.696,0.0192529395969495,19251337.339790195,31155482.214414243,4.0,10.0,0.0,0.0711179864367106,0.0711179864367106,-0.1647306998964184,-0.2509860258625728,-0.0224681576288242,-0.0224681576288242,-0.1226368773505958,-0.4651468408402774,0.0711069291839985,-0.161809981842236,-0.2507496973228085,1.618354177920908,0.0190091429751851,0.0212828781303084,0.0180498905318466,0.0245849818355792,0.0009075005529718,0.0026925603612311,0.132171282302127,0.1091866145722262,-0.1647306998964184,-0.2509860258625728,35.664478816157626,6.665132195567769,-21.688208981766333,0.4812259238867857,False,0.0334363424157697,0.0169596838691709,,pre-pump,pre-pump
2025-03-10 05:04:44.479,0.0214723369836474,21070163.2593608,29902606.529567298,5.0,10.0,0.0,0.1152757673975952,0.1152757673975952,0.2396797477473982,-0.3578144189144226,-0.0402136508825177,-0.0402136508825177,-0.083601466150132,-0.5221607282049187,0.0944778997670625,0.1520915514337315,-0.380014384155369,1.4191919712004375,0.0197129126918886,0.0212906111447304,0.0187418009924769,0.0240864816092407,0.001576516456454,0.0026343792063371,0.0804915187014825,0.0916606880951067,0.2396797477473982,-0.3578144189144226,33.821772940964635,14.56922945807877,-10.853160988819832,0.7772273496150647,False,0.0323933731850166,0.0169596838691709,,pre-pump,pre-pump
2025-03-10 06:04:16.084,0.0196981584263026,19698263.42712465,28479536.145977367,6.0,10.0,0.0,-0.0826262441156709,-0.0826262441156709,0.0373109371407958,-0.391907773426514,-0.047590178541219,-0.047590178541219,-0.1245488296104562,-0.5582895696821988,-0.0651110205150717,0.064951165252,-0.3922125686606446,1.4457891809265198,0.0197086971874354,0.0212256130745905,0.0188598878528576,0.0235575143276277,0.0016245953570982,0.0025151313518173,0.0879002906349938,0.0926753895339861,0.0373109371407958,-0.391907773426514,37.11344477647195,4.444727243263635,-16.382695761746547,0.6713511814710346,False,0.030406599608733,0.0169596838691709,,pre-pump,pre-pump
2025-03-10 07:04:16.601,0.0194465497356236,19999856.249933016,27969594.34234765,7.0,10.0,0.0,-0.0127732088063131,-0.0127732088063131,0.1466339753521757,-0.3604497054633361,-0.0179055515867923,-0.0179055515867923,-0.1397173783002433,-0.5673051076804261,0.0153106299915286,0.1769777445765057,-0.3547298413530527,1.3984897687672797,0.0196337979154892,0.0211529982444286,0.0192743654972664,0.0231008455829148,0.0013341062214314,0.0023824834214015,0.0694657651737356,0.0921750068877713,0.1466339753521757,-0.3604497054633361,42.324935232017424,0.8933328486562697,-15.818883487078484,0.5895119902147633,False,0.0301031585905445,0.0169596838691709,,pump,pump
2025-03-10 08:04:44.245,0.019362686829566,19361272.42670623,27540296.91269388,8.0,10.0,0.0,-0.0043124825327741,-0.0043124825327741,0.0876943897115085,-0.3265973683249941,-0.0153487184833349,-0.0153487184833349,-0.1530750933225501,-0.5807657022918504,-0.0319294206541572,0.0878384845454023,-0.3579683664271318,1.422442508205494,0.0195563376052254,0.0210799243091281,0.0195345487222536,0.0227095614372453,0.0011253222432232,0.0022622945078076,0.0691385726079472,0.091790637425734,0.0876943897115085,-0.3265973683249941,41.04333682694101,-0.8797842997616101,-14.737733341649603,0.5656464892701093,False,0.0301031585905445,0.0169596838691709,,post-pump,post-pump
2025-03-10 09:04:44.695,0.0197367022867661,19768086.105574727,26960149.818909407,9.0,10.0,0.0,0.0193162994625823,0.0193162994625823,0.098031638537487,-0.3059364385147282,-0.0210653899492664,-0.0210653899492664,-0.1541005611240889,-0.5875326953020822,0.0210117222619807,0.0998578244547954,-0.2998210705502665,1.363821953977956,0.0196078703713799,0.0210250989204602,0.0198282289764758,0.0223470720378164,0.0008272548610724,0.0017222257678084,0.0690733499838638,0.0920140481577015,0.098031638537487,-0.3059364385147282,42.55053064258328,-0.4615979057855046,-11.681036990586293,0.5863629937012249,False,0.0301031585905445,0.0169596838691709,,pump,pump
2025-03-10 10:08:41.720,0.021304169000779,21250556.502934564,27791541.458522867,10.0,10.0,0.0,0.0794188761242005,0.0794188761242005,0.1065411021262696,-0.2922945631535586,0.0308377974602476,0.0308377974602476,-0.1079726750091844,-0.5746636466433913,0.0749931171607842,0.103848326371188,-0.2887916651058995,1.3078029958737802,0.0200925271226368,0.0210364895359835,0.0201701005437807,0.0219804474715761,0.000955817670876,0.0014197181170965,0.0704279081860148,0.0927910925599923,0.1065411021262696,-0.2922945631535586,47.73907343340211,5.622522577597633,-3.0767274946139955,0.8354839050621626,False,0.0297170479289994,0.0169596838691709,,pre-pump,pre-pump
2025-03-10 11:01:29.298,0.0198938472756969,19846030.74744996,26697829.31835506,11.0,10.0,0.0,-0.0661993305174462,-0.0661993305174462,-0.0735127112224731,-0.2446854002954074,-0.0393541373658637,-0.0393541373658637,-0.1071738414523628,-0.5856536557019842,-0.0660935987860199,-0.0580979129987043,-0.2266772828667045,1.3452478058760189,0.0200357614520825,0.0209898510763799,0.019907018925789,0.0217119206227431,0.0007117810894164,0.0013154114731258,0.0588550299231479,0.0903616575766202,-0.0735127112224731,-0.2446854002954074,39.29352643226616,-0.0661658590933922,-8.37361824702807,0.4635151111786034,False,0.0297170479289994,0.0169596838691709,,pre-pump,pre-pump
2025-03-10 12:04:59.607,0.0206581491102504,20754545.67323212,26966915.18254337,12.0,10.0,0.0,0.0384190058343918,0.0384190058343918,0.0487350473669629,-0.1684998936476195,0.0100789416614972,0.0100789416614972,-0.0531125561765039,-0.5850726534608047,0.0457781678030955,0.0536231150535311,-0.2202514656363156,1.2993257287883475,0.0202135864972733,0.0209763122206195,0.0200670173731136,0.0215374921058654,0.0007615954862181,0.0013640905671974,0.0494711093941882,0.0901935611065455,0.0487350473669629,-0.1684998936476195,44.06971550617631,2.945787737886474,-4.082847674616397,0.6382488035560063,False,0.0297170479289994,0.0169596838691709,,pre-pump,pre-pump
2025-03-10 13:05:25.847,0.0191407746049014,20790973.867321208,25922626.91008583,13.0,10.0,0.0,-0.0734516193706865,-0.0734516193706865,-0.0157238756941062,-0.28957091920211,-0.0387247953793967,-0.0387247953793967,-0.0731854530032489,-0.6014031735683927,0.0017551911115101,0.0395561651794793,-0.2220320350408892,1.2468211963283953,0.0199070688137385,0.0209013923179372,0.0200160548513266,0.0212124179214515,0.0008194511489858,0.0011243991232476,0.0599080277157062,0.0892530599625628,-0.0157238756941062,-0.28957091920211,55.70340778918642,-4.3728909264415865,-9.766181885635906,0.2366112326797312,False,0.0297170479289994,0.0169596838691709,,post-pump,post-pump
2025-03-10 14:04:53.341,0.0171837088785633,17652105.28208747,24930524.075439025,14.0,10.0,0.0,-0.1022459000085059,-0.1022459000085059,-0.1125348961217248,-0.3580461027280394,-0.0382716936091381,-0.0382716936091381,-0.0947619717219518,-0.611822561706502,-0.150972657907446,-0.0882776248869466,-0.3671905171793514,1.4123258204638829,0.019128965975117,0.0207496501367382,0.0196528918594928,0.0208130797952683,0.001425585543811,0.0012260519328862,0.0728830689577752,0.0912044310349089,-0.1125348961217248,-0.3580461027280394,44.4408350361569,-12.563967677544962,-17.437933032525756,0.0028743687747868,False,0.0297170479289994,0.0169596838691709,,post-pump,post-pump
2025-03-10 15:04:58.210,0.0148541420079274,15329094.88218047,23988312.30711324,15.0,10.0,0.0,-0.1355683390063735,-0.1355683390063735,-0.2473848066357349,-0.5001474559849541,-0.0377935002679717,-0.0377935002679717,-0.1102307491522828,-0.5723120524537115,-0.131599622978925,-0.2245534140071574,-0.4660928101119637,1.5648877178651173,0.0179075876987771,0.0205090171518888,0.0188391318130197,0.020193792048557,0.0024169904503071,0.0017981279863056,0.0838563992798356,0.0904401864420716,-0.2473848066357349,-0.5001474559849541,43.63593005914242,-21.15272532006121,-26.442037373615342,-0.0023798084232764,False,0.0256829144460999,0.0148541420079274,,post-pump,post-pump
2025-03-10 16:09:40.107,0.0162467493927676,16270984.24023991,24921038.877155665,16.0,10.0,0.0,0.0937521254406339,0.0937521254406339,-0.237391076264297,-0.3674102124638443,0.0388825423856868,0.0388825423856868,-0.1032869150367656,-0.5226354988272068,0.0614445513775476,-0.2343266757276219,-0.3816249799416509,1.5316245476732275,0.0174330624684886,0.0203350470392716,0.0179962285450178,0.0198006185046681,0.0022623146087547,0.0020076089904917,0.088145079962491,0.0902778749207713,-0.237391076264297,-0.3674102124638443,45.45185987653049,-9.721365495408584,-17.94827323733704,0.2389318311998363,False,0.02432040829774,0.0148541420079274,,post-pump,post-pump
2025-03-10 17:05:15.863,0.0155313905309806,15493531.568126082,24214416.38512471,17.0,10.0,0.0,-0.0440308916259549,-0.0440308916259549,-0.2192867314330721,-0.3119209176867772,-0.0283544556675241,-0.0283544556675241,-0.0930192827146054,-0.5057938435874363,-0.0477815392501643,-0.2193133344753653,-0.3272046610381471,1.5628726271123097,0.0168897276292006,0.0201389794266883,0.0172691524208984,0.0195072555691239,0.0022312762442941,0.0020954745411976,0.087332505395068,0.0876619721324599,-0.2192867314330721,-0.3119209176867772,43.072955722794255,-10.062809381512428,-20.38146793153392,0.2392845036857553,False,0.02432040829774,0.0148541420079274,,post-pump,post-pump
2025-03-10 18:04:59.005,0.0142644219893377,14247723.555183772,23502788.13797869,18.0,10.0,0.0,-0.0815747011908346,-0.0815747011908346,-0.3095014508216608,-0.3786282557420839,-0.0293886185744779,-0.0293886185744779,-0.1284584099113839,-0.501979601736043,-0.0804082663442101,-0.3135131079472594,-0.3794499459552568,1.6495819873924795,0.0161396403035255,0.0198992015721026,0.0162035312340796,0.0191450922541879,0.0017676415765015,0.0023989106917619,0.0799861730078347,0.088571016911346,-0.3095014508216608,-0.3786282557420839,35.847450431653414,-11.967201573096508,-25.49306213858875,0.1937442745404119,False,0.02432040829774,0.0142644219893377,,post-pump,post-pump
2025-03-10 19:04:56.414,0.013814841161125,14263377.889122276,23402444.250961825,19.0,10.0,0.0,-0.0315176337708426,-0.0315176337708426,-0.2782506744744061,-0.3927734248169331,-0.0042694460941303,-0.0042694460941303,-0.0972194163757171,-0.4695709793187501,0.0010987252719967,-0.3139629735410741,-0.3837586324696305,1.640736467398042,0.0154754119771253,0.0196508603308382,0.0153158756601169,0.0187727640122874,0.0012628246792137,0.0026561452771822,0.0801126756216832,0.0886166635370674,-0.2782506744744061,-0.3927734248169331,25.850380790211304,-9.800513743400774,-26.410191104076585,0.2253614137605533,False,0.02432040829774,0.013814841161125,,post-pump,post-pump
2025-03-10 20:09:28.492,0.0151376350615952,15135324.072303165,24437783.05746833,20.0,10.0,0.0,0.095751654690938,0.095751654690938,-0.1190705587150967,-0.3202061205536401,0.0442406269791222,0.0442406269791222,-0.0197645671819683,-0.4111781873668908,0.0611318153356832,-0.1425768297642218,-0.3056677020785041,1.6146190818727275,0.0153789042869739,0.0194666470545425,0.0149748633572889,0.0184756663953979,0.0008739408775319,0.0026905928039445,0.0939664915032225,0.0915197466446129,-0.1190705587150967,-0.3202061205536401,35.19588792716208,1.0869662074549202,-18.067176914572247,0.4084205433855591,False,0.02432040829774,0.013814841161125,,post-pump,post-pump
2025-03-10 21:01:01.085,0.0157469506257475,15751583.134998724,24362963.98967502,21.0,10.0,0.0,0.0402517012514167,0.0402517012514167,0.0601050277655634,-0.3525211241124268,-0.0030616143705574,-0.0030616143705574,0.0156180925846409,-0.386869011910016,0.040716608362769,0.0275612001925424,-0.3449103789084367,1.5466993876661523,0.0154840603837663,0.0193148227105101,0.0151236647935922,0.0181184389923982,0.0009238568274743,0.0026092642099414,0.075213445134687,0.0895499675603242,0.0601050277655634,-0.3525211241124268,38.26314062499815,4.121261881044314,-13.088811721835992,0.5923658434883375,False,0.0230499787248998,0.013814841161125,,pre-pump,pre-pump
2025-03-10 22:02:38.127,0.0166385603106107,16619885.35202866,25046124.838213805,22.0,10.0,0.0,0.0566211011930999,0.0566211011930999,0.0241162652522675,-0.2781528994368722,0.0280409579404339,0.0280409579404339,0.0050192915983451,-0.2946812330782853,0.0551247585457388,0.021443147300572,-0.2763815957760015,1.5069974496037437,0.0158139175057218,0.0192055875105142,0.0151889666132327,0.0178512965584695,0.0010271865101375,0.0022260453364434,0.0683680981626183,0.0902762935580489,0.0241162652522675,-0.2781528994368722,41.77912431322759,9.543728248865978,-6.79354714592667,0.8542381511893139,False,0.0214723369836474,0.013814841161125,,pre-pump,pre-pump
2025-03-10 23:02:34.645,0.0159282335773166,15662332.267882528,23465483.322333843,23.0,10.0,0.0,-0.0426915983134137,-0.0426915983134137,0.0255510313480569,-0.0804024453310652,-0.063109224524359,-0.063109224524359,-0.0309292221162492,-0.2808742444775622,-0.0576149031033629,0.0108949143721182,-0.1436022369898436,1.4982113085707294,0.0158465792404632,0.0190718179622204,0.0152551071209554,0.0177932698650299,0.0010656992762699,0.0019711712840024,0.068174320057328,0.0750563242372625,0.0255510313480569,-0.0804024453310652,38.73544643060194,4.412466271288906,-10.481695055830198,0.6331341684347482,False,0.0214723369836474,0.013814841161125,,pre-pump,pre-pump
2025-03-11 00:01:25.268,0.0146084735386868,14750405.851319684,22021777.735868894,0.0,11.0,1.0,-0.0828566477396006,-0.0828566477396006,0.024119557708421,-0.2307133972291803,-0.0615246473568633,-0.0615246473568633,-0.0630142429662036,-0.3230581076143015,-0.0582241776617686,0.0352815868576437,-0.2025458509366794,1.492960801068308,0.0154928347542413,0.0188896406388109,0.0153124490458469,0.0176107213764744,0.0010095072182821,0.0014491499148328,0.0685054018400186,0.073880551016504,0.024119557708421,-0.2307133972291803,29.901198665407435,-4.597406365581325,-17.047841332600267,0.3399555979485891,False,0.0214723369836474,0.013814841161125,,post-pump,post-pump
2025-03-11 01:01:30.763,0.0137910309603677,14682924.255795728,21900943.54123923,1.0,11.0,1.0,-0.0559567415551196,-0.0559567415551196,-0.001723523309432,-0.1868344323659911,-0.0054870317954779,-0.0054870317954779,-0.0641599951535354,-0.326375602851371,-0.0045748975454744,0.0294142362303542,-0.1359200357036563,1.4915927617480125,0.0150066050988489,0.0186815341213234,0.015308480679054,0.017478694171941,0.0010165936499556,0.0010929987172512,0.0718232196385564,0.0716197149930953,-0.001723523309432,-0.1868344323659911,31.0047666766678,-9.912477603101678,-21.09804757321757,0.2135946518610833,False,0.0214723369836474,0.0137910309603677,,post-pump,post-pump
2025-03-11 02:09:17.271,0.0169663402234882,16474303.894934865,23867827.633829314,2.0,11.0,1.0,0.2302445170521059,0.2302445170521059,0.1208052086374114,-0.0469198186459304,0.0898081897196101,0.0898081897196101,-0.023322713942533,-0.2660116281441689,0.1220042825210401,0.0884672053426303,-0.074369628811882,1.448791268271289,0.0155665294201744,0.018611526207126,0.0156132648727029,0.0174438922029345,0.0012107239868383,0.001060479978521,0.1149989691723429,0.0858132896162535,0.1208052086374114,-0.0469198186459304,40.00867982570356,8.666190971696764,-2.737645783926878,0.840043144890966,False,0.0214723369836474,0.0137910309603677,,pre-pump,pre-pump
2025-03-11 03:08:58.099,0.0178585096514956,17698495.3190503,24060582.013844304,3.0,11.0,1.0,0.0525846715470363,0.0525846715470363,0.1340932016574392,-0.0064597251579534,0.0080759079951535,0.0080759079951535,-0.0124115430273124,-0.2450771616163798,0.0743091442238006,0.1236010480575566,-0.0152901776239958,1.3594704849256865,0.0162213809148376,0.0185807908375084,0.0159651913769942,0.0174390542400205,0.0015237717356035,0.0012792561642394,0.1154511165537861,0.086437345165076,0.1340932016574392,-0.0064597251579534,46.40819634770128,11.859039016779892,2.4052646760652108,0.883210016991095,False,0.0214723369836474,0.0137910309603677,,pre-pump,pre-pump
2025-03-11 04:07:14.631,0.0187504777866687,18760261.05330609,25996663.54015941,4.0,11.0,1.0,0.0499463926486385,0.0499463926486385,0.1269290994312286,-0.0260979269036096,0.0804669448644717,0.0804669448644717,0.0379515277547182,-0.1655830148527785,0.0599918645690138,0.1287840232313137,-0.0255086842963947,1.385730372636689,0.016943980021075,0.0185877168354334,0.0163171776230039,0.0174181183312588,0.0019063278978181,0.0015743561786776,0.1151325169268253,0.0858199567078411,0.1269290994312286,-0.0260979269036096,54.66723159980725,14.912506438823735,7.649273188245576,0.8780491584820486,False,0.0214723369836474,0.0137910309603677,,pre-pump,pre-pump
2025-03-11 04:14:04.000,0.0195657107368587,19240644.81502098,26234495.398757685,4.0,11.0,1.0,0.0434779827727704,0.0434779827727704,0.2283666385155369,-0.0887945382116871,0.0091485531684045,0.0091485531684045,0.1180036242334019,-0.1226686084098599,0.0256064540013545,0.228466136839416,-0.0868298181565834,1.3634935653651628,0.0176930459398703,0.0186276349538589,0.0169234238162609,0.0173386755709759,0.0022963847025314,0.0019163253195733,0.1102385933721402,0.0829135901837071,0.2283666385155369,-0.0887945382116871,65.427085034453,15.613193578824712,12.844321106109536,0.855181033460651,False,0.021304169000779,0.0137910309603677,,pre-pump,pre-pump
2025-03-11 05:00:00.000,,,,,,,,,,,,,,,,,,,,,,,,,,,,,,,,,,,,0.0191580942617637,pump,pump
2025-03-11 06:00:00.000,,,,,,,,,,,,,,,,,,,,,,,,,,,,,,,,,,,,0.0191580942617637,pump,pump
2025-03-11 07:00:00.000,,,,,,,,,,,,,,,,,,,,,,,,,,,,,,,,,,,,0.0191580942617637,post-pump,post-pump
2025-03-11 08:00:00.000,,,,,,,,,,,,,,,,,,,,,,,,,,,,,,,,,,,,0.0191580942617637,post-pump,post-pump
2025-03-11 09:00:00.000,,,,,,,,,,,,,,,,,,,,,,,,,,,,,,,,,,,,0.0191580942617637,post-pump,post-pump
2025-03-11 10:00:00.000,,,,,,,,,,,,,,,,,,,,,,,,,,,,,,,,,,,,0.0191580942617637,post-pump,post-pump
2025-03-11 11:00:00.000,,,,,,,,,,,,,,,,,,,,,,,,,,,,,,,,,,,,0.0191580942617637,post-pump,post-pump
2025-03-11 12:00:00.000,,,,,,,,,,,,,,,,,,,,,,,,,,,,,,,,,,,,0.0191580942617637,post-pump,post-pump
2025-03-11 13:00:00.000,,,,,,,,,,,,,,,,,,,,,,,,,,,,,,,,,,,,0.0191580942617637,post-pump,post-pump
2025-03-11 14:00:00.000,,,,,,,,,,,,,,,,,,,,,,,,,,,,,,,,,,,,0.0191580942617637,post-pump,post-pump
2025-03-11 15:00:00.000,,,,,,,,,,,,,,,,,,,,,,,,,,,,,,,,,,,,0.0191580942617637,post-pump,post-pump
2025-03-11 16:00:00.000,,,,,,,,,,,,,,,,,,,,,,,,,,,,,,,,,,,,0.0191580942617637,post-pump,post-pump
2025-03-11 17:00:00.000,,,,,,,,,,,,,,,,,,,,,,,,,,,,,,,,,,,,0.0191580942617637,post-pump,post-pump
2025-03-11 18:00:00.000,,,,,,,,,,,,,,,,,,,,,,,,,,,,,,,,,,,,0.0191580942617637,post-pump,post-pump
2025-03-11 19:00:00.000,,,,,,,,,,,,,,,,,,,,,,,,,,,,,,,,,,,,0.0191580942617637,post-pump,post-pump
2025-03-11 20:00:00.000,,,,,,,,,,,,,,,,,,,,,,,,,,,,,,,,,,,,0.0191580942617637,post-pump,post-pump
2025-03-11 21:00:00.000,,,,,,,,,,,,,,,,,,,,,,,,,,,,,,,,,,,,0.0191580942617637,post-pump,post-pump
2025-03-11 22:00:00.000,,,,,,,,,,,,,,,,,,,,,,,,,,,,,,,,,,,,0.0191580942617637,post-pump,post-pump
2025-03-11 23:00:00.000,,,,,,,,,,,,,,,,,,,,,,,,,,,,,,,,,,,,0.0191580942617637,post-pump,post-pump
2025-03-12 00:00:00.000,,,,,,,,,,,,,,,,,,,,,,,,,,,,,,,,,,,,0.0191580942617637,post-pump,post-pump
2025-03-12 01:00:00.000,,,,,,,,,,,,,,,,,,,,,,,,,,,,,,,,,,,,0.0191580942617637,post-pump,post-pump
2025-03-12 02:00:00.000,,,,,,,,,,,,,,,,,,,,,,,,,,,,,,,,,,,,0.0191580942617637,post-pump,post-pump
2025-03-12 03:00:00.000,,,,,,,,,,,,,,,,,,,,,,,,,,,,,,,,,,,,0.0191580942617637,post-pump,post-pump
2025-03-12 04:00:00.000,,,,,,,,,,,,,,,,,,,,,,,,,,,,,,,,,,,,0.0191580942617637,post-pump,post-pump
